Code,Name,Manufacturer,Part Number,Product Group Description,Stock Unit Name,Cost Price,Sales Price (£),Sales Price (€),Margin,DMI Sales Price (€),Variance (DMI IE),DMI URL (IE),DMI IE Notes,DMI IE Product,DMI IE Pack Flag,DMI IE Adjusted Variance,DMI Sales Price (£),Variance (DMI UK),DMI URL (UK),DMI UK Notes,DMI UK Product,DMI UK Pack Flag,DMI UK Adjusted Variance,DentalSky Sales Price (£),Variance (DentalSky),DentalSky URL,DentalSky Notes,DentalSky Product,DentalSky Pack Flag,DentalSky Adjusted Variance,Dontalia Sales Price (€),Variance (Dontalia),Dontalia URL,Dontalia Notes,Dontalia Product,Dontalia Pack Flag,Dontalia Adjusted Variance,Henry Schein Sales Price (€),Variance (Henry Schein),Henry Schein URL,Henry Schein Notes,Henry Schein Product,Henry Schein Pack Flag,Henry Schein Adjusted Variance
400060,Six Month Smiles Lucid-Lok Lo Universal 1/2 Bracket - Each,Six Month Smiles,20311,Orthodontics and Accessories,Each,£4.06,£7.03,€8.15,42.2%,N/A,N/A,,Not listed on competitor,,,,N/A,,,Not listed on competitor,,,,N/A,N/A,,Not listed on competitor,,,,N/A,N/A,,Not listed on competitor,,,,,,,,,,
400063,Six Month Smiles Lucid-Lok Universal 4/5 Bracket w/Hook,Six Month Smiles,20321,Orthodontics and Accessories,Each,£3.95,£7.03,€8.15,43.8%,N/A,N/A,,Not listed on competitor,,,,N/A,,,Not listed on competitor,,,,N/A,N/A,,Not listed on competitor,,,,N/A,N/A,,Not listed on competitor,,,,,,,,,,
670231,Clinisept+ Skin 490ml - Each,Clinisept,CP-SKIN-490,Facial Aesthetics,Each,£4.39,£10.27,€11.91,57.3%,€12.22,-2.5%,https://www.dmi.ie/products/clinisept-skin-490ml-clin-cp-skin-490.html,,Clinisept+ Skin 490ml,UNKNOWN,,£10.27,0.0%,https://www.dmi.co.uk/products/clinisept-skin-490ml-clin-cp-skin-490.html,,Clinisept+ Skin 490ml,UNKNOWN,,N/A,N/A,,Not listed on competitor,,,,N/A,,,Not listed on competitor,,,,,,,,,,
AA009,Septodont Septoject XL Needles 27g Long 0.4x35mm - Box100,Septodont,XLJECT02,ANAESTHETIC ACCESSORIES,Box (100),£8.66,£16.24,€18.84,46.7%,€21.22,-11.2%,https://www.dmi.ie/products/septodont-septoject-xl-needle-27g-100pk-long-35mm-yellow-sept-xlject02.html?_gl=1*2g5225*_up*MQ..*_ga*ODY0NzU4NTczLjE3NDQ3MjgyMDY.*_ga_0T1NKWVSZ2*MTc0NDcyODIwNS4xLjAuMTc0NDcyODIwNS4wLjAuMA..,,,,,£17.77,,https://www.dmi.co.uk/products/septodont-septoject-xl-needle-27g-100pk-long-35mm-yellow-sept-xlject02.html?_gl=1*2g5225*_up*MQ..*_ga*ODY0NzU4NTczLjE3NDQ3MjgyMDY.*_ga_0T1NKWVSZ2*MTc0NDcyODIwNS4xLjAuMTc0NDcyODIwNS4wLjAuMA..,,,,,£13.80,17.7%,,,,,,€17.00,,https://www.dontalia.com/septojectr-needles-xl.html,,,,,,,,,,,
AA011,Septodont Septoject XL Needles 30g Short 0.3x25mm - Box100,Septodont,XLJECT03,ANAESTHETIC ACCESSORIES,Box (100),£8.52,£16.24,€18.84,47.5%,€21.22,-11.2%,,,,,,£17.77,,https://www.dmi.co.uk/products/needles-septoject-xl-30g-short-25mm-0-30-para-apical-blue-10332o-sept-11655a.html?name=Septodont+Septoject+XL+Needles+30g+Short&type=simple&_gl=1*1wvf33m*_up*MQ..*_ga*NDg0MTE3MTgyLjE3NDQ3Mjk2MDk.*_ga_0T1NKWVSZ2*MTc0NDcyOTYwOS4xLjEuMTc0NDczMTI2MS4wLjAuMA..,,,,,£13.80,17.7%,,,,,,€17.00,,https://www.dontalia.com/septojectr-needles-xl.html,,,,,,,,,,,
AA021,J&S Davis Solo Dental Needle 30g Short 0.3x23mm - Box100,J&S Davis,SOL1056,ANAESTHETIC ACCESSORIES,Box (100),£8.34,£13.50,€15.66,38.2%,€21.62,-27.6%,https://www.dmi.ie/products/solo-supra-needles-100pk-30g-short-davi-sol1046.html?name=J&S%20Davis&type=simple&_gl=1*15elusx*_up*MQ..*_ga*MzI4NzQ0ODA0LjE3NDQxMTg5MTU.*_ga_0T1NKWVSZ2*MTc0NDExODkxNS4xLjEuMTc0NDExOTIwNi4wLjAuMA..,,,,,£18.10,,https://www.dmi.co.uk/products/solo-supra-needles-100pk-30g-short-davi-sol1046.html?name=J&S%20Davis&type=simple&_gl=1*15elusx*_up*MQ..*_ga*MzI4NzQ0ODA0LjE3NDQxMTg5MTU.*_ga_0T1NKWVSZ2*MTc0NDExODkxNS4xLjEuMTc0NDExOTIwNi4wLjAuMA..,,,,,£13.80,-2.2%,https://www.dentalsky.com/solo-supra-needles-30g-short-100.html,,,,,N/A,,,Not listed on competitor,,,,,,,,,,
AA032,Septodont Septoject Needles 27g Long - Box100,Septodont,SEPTO01,ANAESTHETIC ACCESSORIES,Box (100),£7.54,£13.72,€15.92,45.0%,€16.24,-2.0%,,,,,,£13.60,,https://www.dmi.co.uk/products/septodont-septoject-original-needles-100pk-long-27g-x-35mm-sept-septo01.html?_gl=1*18wdr5a*_up*MQ..*_ga*NDg0MTE3MTgyLjE3NDQ3Mjk2MDk.*_ga_0T1NKWVSZ2*MTc0NDcyOTYwOS4xLjEuMTc0NDczMTM1OS4wLjAuMA..,,,,,£10.55,30.0%,,,,,,€8.76,,https://www.dontalia.com/septojectr-needles.html,,,,,,,,,,,
AA034,Septodont Septoject Needles 30g Short - Box100,Septodont,SEPTO03,ANAESTHETIC ACCESSORIES,Box (100),£6.86,£12.19,€14.14,43.7%,€22.27,-36.5%,https://www.dmi.ie/products/needles-septoject-evolution-30g-u-short-9mm-purple-5752i-sept-12428r.html,,Septodont Needles Septoject Evolution 30g U-Short 9mm Purple (100),UNKNOWN,,£18.48,-34.0%,https://www.dmi.co.uk/products/needles-septoject-evolution-30g-u-short-9mm-purple-5752i-sept-12428r.html,,Septodont Needles Septoject Evolution 30g U-Short 9mm Purple (100),UNKNOWN,,£10.55,15.5%,,,,,,€8.76,,https://www.dontalia.com/septojectr-needles.html,,,,,,,,,,,
AA097,UnoDent Sterile Dental Needle 30GS 0.3 x 21mm (ANU030),UnoDent,ANU030,ANAESTHETIC ACCESSORIES,Box (100),£2.79,£5.57,€6.46,49.9%,N/A,N/A,,Not listed on competitor,,,,N/A,,,Not listed on competitor,,,,N/A,N/A,,Not listed on competitor,,,,N/A,N/A,,Not listed on competitor,,,,,,,,,,
AA105,BD Venflon Peripheral IV Catheter w/ Port Blue 22Gx25mm-Each,BD,BV391451,ANAESTHETIC ACCESSORIES,Each,£0.90,£2.01,€2.33,55.2%,€95.33,-97.6%,https://www.dmi.ie/products/bd-venflon-infusion-cannula-50pk-22g-25mm-bd-391451.html,,Bd Venflon Perpheral Cannula 22G 25mm Blue x 50 IV Catheter Ported Winged  Pack 50,MISMATCH (ours:1 theirs:50),22.2%,N/A,,,Not listed on competitor,,,,£1.65,21.8%,https://www.dentalsky.com/bd-venflon-peripheral-iv-catheter-ported-22g-25mm-winged-blue.html,,,,,N/A,,,Not listed on competitor,,,,,,,,,,
AA120,BD Micro-Fine + Insulin Syringe 0.3ml Needle 30Gx8mm -Box100,BD,324826,ANAESTHETIC ACCESSORIES,Box (100),£7.22,£15.38,€17.84,53.1%,N/A,N/A,,Not listed on competitor,,,,N/A,,,Not listed on competitor,,,,N/A,N/A,,Not listed on competitor,,,,N/A,,,Not listed on competitor,,,,,,,,,,
AA131,4T Medical FMS 32G Fine Micro Syringe 0.3ml - Box100,4T Medical,4TM001,ANAESTHETIC ACCESSORIES,Box (100),£16.68,£26.50,€30.74,37.0%,N/A,N/A,,Not listed on competitor,,,,N/A,,,Not listed on competitor,,,,N/A,N/A,,Not listed on competitor,,,,N/A,,,Not listed on competitor,,,,,,,,,,
AA132,4T Medical FMS 32G Fine Micro Syringe 0.5ml - Box100,4T Medical,,ANAESTHETIC ACCESSORIES,Box (100),£16.67,£21.91,€25.42,23.9%,N/A,N/A,,Not listed on competitor,,,,N/A,,,Not listed on competitor,,,,N/A,N/A,,Not listed on competitor,,,,N/A,,,Not listed on competitor,,,,,,,,,,
AAA345,"#Dentsply Anestadent 4% 1:100,000 Solution 2.2ml (546) -Bx50",Dentsply,546,MEDICINES,Box (50),£18.07,£23.15,€26.85,21.9%,€30.46,-11.8%,https://www.dmi.ie/products/dentsply-sirona-anestadent-4-1-100-000-50pk-dent-546.html?name=Dentsply+Anestadent+4%25&type=simple,,,,,£25.50,,https://www.dmi.co.uk/products/dentsply-sirona-anestadent-4-1-100-000-50pk-dent-546.html?name=Dentsply+Anestadent+4%25&type=simple,,,,,£25.45,-9.0%,https://www.dentalsky.com/anestadent-4-articaine-1-100-000-2-2ml-50.html,,,,,N/A,,,Not listed on competitor,,,,,,,,,,
ABG008A,Perfection Plus Bib Roll Paper-Plastic Blue PP002/0020 - 80,Perfection Plus,PP002/0020,"APRONS, BIBS & GLOVES",Roll (80),£6.20,£10.00,€11.60,38.0%,€13.34,-13.0%,https://www.dmi.ie/products/perfection-plus-bib-roll-paper-plastic-80pk-blue-perf-0020020.html,,Perfection Plus Bib roll Paper/Plastic - 80 Pack  Blue,MATCH,,£12.00,-16.7%,https://www.dmi.co.uk/products/perfection-plus-bib-roll-paper-plastic-80pk-blue-perf-0020020.html,,Perfection Plus Bib roll Paper/Plastic - 80 Pack  Blue,MATCH,,N/A,N/A,,Not listed on competitor,,,,N/A,N/A,,Not listed on competitor,,,,,,,,,,
ABG012A,HPC Healthline Gloves Powder Free Small GN31 - Box100,HPC,GN31D / 10,"APRONS, BIBS & GLOVES",Box (100),£3.22,£5.55,€6.44,42.0%,N/A,N/A,,Not listed on competitor,,,,N/A,,,Not listed on competitor,,,,N/A,N/A,,Not listed on competitor,,,,N/A,,,Not listed on competitor,,,,,,,,,,
ABG013A,HPC Healthline Gloves Powder Free Medium GN31 - Box100,HPC,GN31D / 10,"APRONS, BIBS & GLOVES",Box (100),£3.59,£5.55,€6.44,35.3%,N/A,N/A,,Not listed on competitor,,,,N/A,,,Not listed on competitor,,,,N/A,N/A,,Not listed on competitor,,,,N/A,,,Not listed on competitor,,,,,,,,,,
ABG014A,HPC Healthline Gloves Powder Free Large GN31 - Box100,HPC,GN31D / 10,"APRONS, BIBS & GLOVES",Box (100),£3.59,£5.55,€6.44,35.3%,N/A,N/A,,Not listed on competitor,,,,N/A,,,Not listed on competitor,,,,N/A,N/A,,Not listed on competitor,,,,N/A,,,Not listed on competitor,,,,,,,,,,
ABG020,Pegasus Velcro Dental Bib Blue - Each,Astek Innovations,10023PEG,"APRONS, BIBS & GLOVES",Each,£1.22,£2.89,€3.35,57.8%,€3.75,-10.6%,https://www.dmi.ie/products/pegasus-bib-with-velcro-single-pega-10023.html?name=Pegasus&type=simple&_gl=1*a3ie9c*_up*MQ..*_ga*NTkyOTAzNjguMTc0NDE3MTExMg..*_ga_0T1NKWVSZ2*MTc0NDE3MzMxMy4yLjEuMTc0NDE3MzUxMy4wLjAuMA..,,,,,£3.14,,https://www.dmi.co.uk/products/pegasus-bib-with-velcro-single-pega-10023.html?name=Pegasus&type=simple&_gl=1*a3ie9c*_up*MQ..*_ga*NTkyOTAzNjguMTc0NDE3MTExMg..*_ga_0T1NKWVSZ2*MTc0NDE3MzMxMy4yLjEuMTc0NDE3MzUxMy4wLjAuMA..,,,,,£3.05,-5.2%,https://www.dentalsky.com/pegasus-blue-velcro-bib.html,,,,,N/A,,,Not listed on competitor,,,,,,,,,,
ABG031B,HPC HandSafe White Nitrile Gloves Small (GN92) - Box200,HPC,GN92,"APRONS, BIBS & GLOVES",Box (200),£4.73,£9.70,€11.25,51.2%,N/A,N/A,,Not listed on competitor,,,,N/A,,,Not listed on competitor,,,,N/A,N/A,,Not listed on competitor,,,,N/A,,,Not listed on competitor,,,,,,,,,,
ABG033A,HPC HandSafe White Nitrile Gloves Medium (GN92) - Box200,HPC,GN92,"APRONS, BIBS & GLOVES",Box (200),£6.58,£10.68,€12.39,38.4%,N/A,N/A,,Not listed on competitor,,,,N/A,,,Not listed on competitor,,,,N/A,N/A,,Not listed on competitor,,,,N/A,,,Not listed on competitor,,,,,,,,,,
ABG163A,HPC HandSafe Blue Nitrile Gloves P/Free Small GN90 - Box200,HPC,GN90SMALL / 10,"APRONS, BIBS & GLOVES",Box (200),£4.46,£7.65,€8.87,41.7%,N/A,N/A,,Not listed on competitor,,,,N/A,,,Not listed on competitor,,,,N/A,N/A,,Not listed on competitor,,,,N/A,,,Not listed on competitor,,,,,,,,,,
ABG164A,HPC HandSafe Blue Nitrile Gloves P/Free Medium GN90 - Box200,HPC,GN90MEDIUM / 10,"APRONS, BIBS & GLOVES",Box (200),£4.37,£8.25,€9.57,47.0%,N/A,N/A,,Not listed on competitor,,,,N/A,,,Not listed on competitor,,,,N/A,N/A,,Not listed on competitor,,,,N/A,,,Not listed on competitor,,,,,,,,,,
ABG165A,HPC HandSafe Blue Nitrile Gloves P/Free Large GN90 - Box200,HPC,GN90LARGE /10,"APRONS, BIBS & GLOVES",Box (200),£4.50,£7.63,€8.85,41.0%,N/A,N/A,,Not listed on competitor,,,,N/A,,,Not listed on competitor,,,,N/A,N/A,,Not listed on competitor,,,,N/A,,,Not listed on competitor,,,,,,,,,,
ABG205,Perfection Plus Serviette Bibs Lilac (PP002/0075) - Pack 500,Perfection Plus,PP002/0075,"APRONS, BIBS & GLOVES",Pack (500),£10.95,£17.00,€19.72,35.6%,€26.37,-25.2%,https://www.dmi.ie/products/perfection-plus-3-ply-serviette-bibs-500pk-lilac-perf-0020075.html?name=Perfection%20Plus%20Serviette%20Bibs%20&type=simple&_gl=1*1fz56se*_up*MQ..*_ga*NjI2ODAzNjE0LjE3NDQxNDM1NTQ.*_ga_0T1NKWVSZ2*MTc0NDE1NDk3OS4yLjEuMTc0NDE1NTIyNy4wLjAuMA..,,,,,£22.08,,https://www.dmi.co.uk/products/perfection-plus-3-ply-serviette-bibs-500pk-lilac-perf-0020075.html?name=Perfection%20Plus%20Serviette%20Bibs%20&type=simple&_gl=1*1fz56se*_up*MQ..*_ga*NjI2ODAzNjE0LjE3NDQxNDM1NTQ.*_ga_0T1NKWVSZ2*MTc0NDE1NDk3OS4yLjEuMTc0NDE1NTIyNy4wLjAuMA..,,,,,N/A,N/A,,Not listed on competitor,,,,N/A,N/A,,Not listed on competitor,,,,,,,,,,
ABG214,Perfection Plus Serviette Bibs Dark Blue (PP002/0076) - 500,Perfection Plus,PP002/0076,"APRONS, BIBS & GLOVES",Pack (500),£10.95,£17.00,€19.72,35.6%,€24.18,-18.4%,https://www.dmi.ie/products/perfection-plus-3-ply-serviette-bibs-500pk-dark-blue-perf-0020076.html,,Perfection Plus Serviette Bibs 2 Ply Dark Blue x 500,UNKNOWN,,£21.77,-21.9%,https://www.dmi.co.uk/products/perfection-plus-3-ply-serviette-bibs-500pk-dark-blue-perf-0020076.html,,Perfection Plus Serviette Bibs 2 Ply Dark Blue x 500,UNKNOWN,,£29.58,-42.5%,https://www.dentalsky.com/perfection-plus-3-ply-patient-serviette-bibs-blue-500.html,,Perfection Plus 3 Ply Patient Serviette Bibs - Blue (500),UNKNOWN,,N/A,N/A,,Not listed on competitor,,,,,,,,,,
ABG246,UnoDent Surgical Gown Kit (COP410) - Each,UnoDent,COP410,"APRONS, BIBS & GLOVES",Each,£1.93,£11.15,€12.93,82.7%,N/A,N/A,,Not listed on competitor,,,,N/A,,,Not listed on competitor,,,,N/A,N/A,,Not listed on competitor,,,,N/A,N/A,,Not listed on competitor,,,,,,,,,,
ABG290,Perfection Plus Serviette Bibs Blue (PP002/0060) - Pack500,Perfection Plus,PP002/0060,"APRONS, BIBS & GLOVES",Pack (500),£11.65,£17.00,€19.72,31.5%,€26.00,-24.2%,https://www.dmi.ie/products/perfection-plus-3-ply-serviette-bibs-500pk-blue-perf-0020060.html?name=Perfection%20Plus%20Serviette%20Bibs%20&type=simple&_gl=1*1dtbck5*_up*MQ..*_ga*NjI2ODAzNjE0LjE3NDQxNDM1NTQ.*_ga_0T1NKWVSZ2*MTc0NDE1NDk3OS4yLjEuMTc0NDE1NTIyNy4wLjAuMA..,,,,,€26.00,,https://www.dmi.ie/products/perfection-plus-3-ply-serviette-bibs-500pk-blue-perf-0020060.html?name=Perfection%20Plus%20Serviette%20Bibs%20&type=simple&_gl=1*1dtbck5*_up*MQ..*_ga*NjI2ODAzNjE0LjE3NDQxNDM1NTQ.*_ga_0T1NKWVSZ2*MTc0NDE1NDk3OS4yLjEuMTc0NDE1NTIyNy4wLjAuMA..,,,,,£23.35,-27.2%,https://www.dentalsky.com/perfection-plus-3-ply-patient-serviette-bibs-dark-blue-500.html,,,,,N/A,N/A,,Not listed on competitor,,,,,,,,,,
ABG313,Cumberland Surgical Universal Sterile Drape Kit - Each,Cumberland,DC0001-U,"APRONS, BIBS & GLOVES",Each,£6.01,£7.86,€9.12,23.5%,N/A,N/A,,Not listed on competitor,,,,N/A,,,Not listed on competitor,,,,N/A,N/A,,Not listed on competitor,,,,N/A,,,Not listed on competitor,,,,,,,,,,
ABG353,Meditrade Gentle Skin Compact+ Latex Gloves P/Free Large,Meditrade,1221LI,"APRONS, BIBS & GLOVES",Box (100),£2.58,£4.00,€4.64,35.5%,N/A,N/A,,Not listed on competitor,,,,N/A,,,Not listed on competitor,,,,N/A,N/A,,Not listed on competitor,,,,N/A,,,Not listed on competitor,,,,,,,,,,
ABG355,Meditrade Nitril Sensory Blue Nitrile Glove X-Small - Box200,Meditrade,2283XS,"APRONS, BIBS & GLOVES",Box (200),£3.55,£4.95,€5.74,28.3%,N/A,N/A,,Not listed on competitor,,,,N/A,,,Not listed on competitor,,,,N/A,N/A,,Not listed on competitor,,,,N/A,,,Not listed on competitor,,,,,,,,,,
ABG356,Meditrade Nitril Sensory Blue Nitrile Glove Small - Box200,Meditrade,2283S,"APRONS, BIBS & GLOVES",Box (200),£3.55,£4.63,€5.37,23.3%,N/A,N/A,,Not listed on competitor,,,,N/A,,,Not listed on competitor,,,,N/A,N/A,,Not listed on competitor,,,,N/A,,,Not listed on competitor,,,,,,,,,,
ABG357,Meditrade Nitril Sensory Blue Nitrile Glove Medium - Box200,Meditrade,2283M,"APRONS, BIBS & GLOVES",Box (200),£3.55,£4.63,€5.37,23.3%,N/A,N/A,,Not listed on competitor,,,,N/A,,,Not listed on competitor,,,,N/A,N/A,,Not listed on competitor,,,,N/A,,,Not listed on competitor,,,,,,,,,,
ABG358,Meditrade Nitril Sensory Blue Nitrile Glove Large - Box200,Meditrade,2283L,"APRONS, BIBS & GLOVES",Box (200),£3.56,£4.63,€5.37,23.1%,N/A,N/A,,Not listed on competitor,,,,N/A,,,Not listed on competitor,,,,N/A,N/A,,Not listed on competitor,,,,N/A,,,Not listed on competitor,,,,,,,,,,
ANP030,Perfection Plus EasiJect Sterile Needles 30Gx21mm (013/0208),Perfection Plus,013/0208,ANAESTHETIC ACCESSORIES,Box (100),£3.45,£5.99,€6.95,42.4%,€7.16,-2.9%,https://www.dmi.ie/products/needles-easiject-x-100-30g-short-0-3-x-21mm-perf-0130208.html,,Perfection Plus Easiject Sterile Needles X 30G Short 21mm,UNKNOWN,,£6.13,-2.3%,https://www.dmi.co.uk/products/needles-easiject-x-100-30g-short-0-3-x-21mm-perf-0130208.html,,Perfection Plus Easiject Sterile Needles X 30G Short 21mm,UNKNOWN,,£6.95,-13.8%,https://www.dentalsky.com/easiject-sterile-needles-30g-x-21mm-100.html,,,,,N/A,N/A,,Not listed on competitor,,,,,,,,,,
ASD262,Septodont Ultra Safety Plus Twist Needles 27g Long - Box100,Septodont,TWIST02,ANAESTHETIC ACCESSORIES,Box (100),£27.25,£33.17,€38.48,17.9%,€50.44,-23.7%,https://www.dmi.ie/products/ultra-safety-plus-twist-27g-35-mm-2-2-ml-pack-100-sept-11513o.html,,Septodont Ultra Safety Plus Twist Needles 27g Long 35mm Yellow 100pk,MATCH,,£41.58,-20.2%,https://www.dmi.co.uk/products/ultra-safety-plus-twist-27g-35-mm-2-2-ml-pack-100-sept-11513o.html,,Septodont Ultra Safety Plus Twist Needles 27g Long 35mm Yellow 100pk,MATCH,,£33.75,-1.7%,,,,,,€49.94,,https://www.dontalia.com/ultra-safety-plus-twist,,,,,,,,,,,
ASD264,Septodont Ultra Safety Plus Twist Needles 30g Short - Box100,Septodont,TWIST03,ANAESTHETIC ACCESSORIES,Box (100),£25.68,£33.17,€38.48,22.6%,€50.44,-23.7%,https://www.dmi.ie/products/needles-ultra-safety-plus-twist-30g-ultra-short-10mm-purple-x-100-sept-twist04.html,,Septodont Ultra Safety Plus Twist Needles 30g Ultra Short 10mm Purple x 100,UNKNOWN,,£41.58,-20.2%,https://www.dmi.co.uk/products/needles-ultra-safety-plus-twist-30g-short-25mm-blue-x-100-sept-twist03.html,,Septodont Ultra Safety Plus Twist Needles 30g Short 25mm Blue 100pk,MATCH,,£33.75,-1.7%,,,,,,€49.94,,https://www.dontalia.com/ultra-safety-plus-twist,,,,,,,,,,,
BJM006,UnoDent Gold Diamond Bur Football FG Fine 257/020 - Each,UnoDent,BJM006,ENDODONTICS & ACCESSORIES,Each,£1.39,£2.13,€2.47,34.7%,N/A,N/A,,Not listed on competitor,,,,N/A,,,Not listed on competitor,,,,N/A,N/A,,Not listed on competitor,,,,N/A,N/A,,Not listed on competitor,,,,,,,,,,
BJM440,UnoDent Gold Diamond Bur Flame FG Extra Fine 249/012 - Each,UnoDent,BJM440,ENDODONTICS & ACCESSORIES,Each,£1.39,£2.13,€2.47,34.7%,N/A,N/A,,Not listed on competitor,,,,N/A,,,Not listed on competitor,,,,N/A,N/A,,Not listed on competitor,,,,N/A,N/A,,Not listed on competitor,,,,,,,,,,
BLRG26,Perfection Plus Steel Bur Round RA No.6 (001/9106)-Pack25,Perfection Plus,001/9106,ENDODONTICS & ACCESSORIES,Pack (25),£7.95,£11.95,€13.86,33.5%,N/A,N/A,,Not listed on competitor,,,,N/A,,,Not listed on competitor,,,,£12.70,-5.9%,https://www.dentalsky.com/perfection-plus-steel-burs-round-no-6-018-25.html,,,,,N/A,N/A,,Not listed on competitor,,,,,,,,,,
BOU001,Boutique Whitening Kit By Day 6% HP 4x3ml,Boutique Whitening,UBTK006,Boutique Whitening,Each,£15.25,£22.95,€26.62,33.6%,€28.58,-6.9%,https://www.dmi.ie/products/boutique-whitening-hydrogen-peroxide-syringe-kit-4-x-3ml-6-hp-btq-ubtk006.html?name=Boutique%20Whitening&type=simple&_gl=1*sv9e3g*_up*MQ..*_ga*MTk3NjE5NDU1LjE3NDQwMzkwNTI.*_ga_0T1NKWVSZ2*MTc0NDA0MzgzNi4yLjAuMTc0NDA0MzgzNi4wLjAuMA..,,,,,£23.93,,https://www.dmi.co.uk/products/boutique-whitening-hydrogen-peroxide-syringe-kit-4-x-3ml-6-hp-btq-ubtk006.html?name=Boutique%20Whitening&type=simple&_gl=1*sv9e3g*_up*MQ..*_ga*MTk3NjE5NDU1LjE3NDQwMzkwNTI.*_ga_0T1NKWVSZ2*MTc0NDA0MzgzNi4yLjAuMTc0NDA0MzgzNi4wLjAuMA..,,,,,N/A,N/A,,Not listed on competitor,,,,N/A,,,Not listed on competitor,,,,,,,,,,
BOU002,Boutique Whitening Kit By Night 10% CP 4x3ml,Boutique Whitening,UBTK010,Boutique Whitening,Each,£15.25,£22.50,€26.10,32.2%,€28.58,-8.7%,https://www.dmi.ie/products/boutique-whitening-carbamide-peroxide-syringes-kit-4-x-3ml-10-cp-btq-ubtk010.html?name=Boutique%20Whitening&type=simple&_gl=1*sv9e3g*_up*MQ..*_ga*MTk3NjE5NDU1LjE3NDQwMzkwNTI.*_ga_0T1NKWVSZ2*MTc0NDA0MzgzNi4yLjAuMTc0NDA0MzgzNi4wLjAuMA..,,,,,£23.93,,https://www.dmi.co.uk/products/boutique-whitening-carbamide-peroxide-syringes-kit-4-x-3ml-10-cp-btq-ubtk010.html?name=Boutique%20Whitening&type=simple&_gl=1*sv9e3g*_up*MQ..*_ga*MTk3NjE5NDU1LjE3NDQwMzkwNTI.*_ga_0T1NKWVSZ2*MTc0NDA0MzgzNi4yLjAuMTc0NDA0MzgzNi4wLjAuMA..,,,,,N/A,N/A,,Not listed on competitor,,,,N/A,,,Not listed on competitor,,,,,,,,,,
BOU003,Boutique Whitening Kit By Night 16% CP 4x3ml,Boutique Whitening,UBTK016,Boutique Whitening,Each,£15.25,£22.50,€26.10,32.2%,€28.58,-8.7%,https://www.dmi.ie/products/boutique-whitening-carbamide-peroxide-syringes-kit-4-x-3ml-16-cp-btq-ubtk016.html?name=Boutique%20Whitening&type=simple&_gl=1*hlt7md*_up*MQ..*_ga*MTk3NjE5NDU1LjE3NDQwMzkwNTI.*_ga_0T1NKWVSZ2*MTc0NDA0MzgzNi4yLjAuMTc0NDA0MzgzNi4wLjAuMA..,,,,,£23.93,,https://www.dmi.co.uk/products/boutique-whitening-carbamide-peroxide-syringes-kit-4-x-3ml-16-cp-btq-ubtk016.html?name=Boutique%20Whitening&type=simple&_gl=1*hlt7md*_up*MQ..*_ga*MTk3NjE5NDU1LjE3NDQwMzkwNTI.*_ga_0T1NKWVSZ2*MTc0NDA0MzgzNi4yLjAuMTc0NDA0MzgzNi4wLjAuMA..,,,,,N/A,N/A,,Not listed on competitor,,,,N/A,,,Not listed on competitor,,,,,,,,,,
BOU007,Boutique Whitening Top Up Case By Day 6% HP 1x3ml,Boutique Whitening,UBPB061,Boutique Whitening,Each,£3.31,£5.00,€5.80,33.8%,€6.43,-9.8%,https://www.dmi.ie/products/boutique-whitening-hydrogen-peroxide-syringe-3ml-6-hp-btq-ubpb061.html?name=Boutique%20Whitening&type=simple&_gl=1*kxqw53*_up*MQ..*_ga*MTk3NjE5NDU1LjE3NDQwMzkwNTI.*_ga_0T1NKWVSZ2*MTc0NDA0MzgzNi4yLjAuMTc0NDA0MzgzNi4wLjAuMA..,,,,,£5.38,,https://www.dmi.co.uk/products/boutique-whitening-hydrogen-peroxide-syringe-3ml-6-hp-btq-ubpb061.html?name=Boutique%20Whitening&type=simple&_gl=1*kxqw53*_up*MQ..*_ga*MTk3NjE5NDU1LjE3NDQwMzkwNTI.*_ga_0T1NKWVSZ2*MTc0NDA0MzgzNi4yLjAuMTc0NDA0MzgzNi4wLjAuMA..,,,,,N/A,N/A,,Not listed on competitor,,,,N/A,,,Not listed on competitor,,,,,,,,,,
BOU008,Boutique Whitening Top Up Case By Night 10% CP 1x3ml,Boutique Whitening,UBPB101,Boutique Whitening,Each,£3.31,£5.00,€5.80,33.8%,€6.43,-9.8%,https://www.dmi.ie/products/boutique-whitening-carbamide-peroxide-syringe-3ml-10-cp-btq-ubpb101.html?name=Boutique%20Whitening&type=simple&_gl=1*kxqw53*_up*MQ..*_ga*MTk3NjE5NDU1LjE3NDQwMzkwNTI.*_ga_0T1NKWVSZ2*MTc0NDA0MzgzNi4yLjAuMTc0NDA0MzgzNi4wLjAuMA..,,,,,£5.38,,https://www.dmi.co.uk/products/boutique-whitening-carbamide-peroxide-syringe-3ml-10-cp-btq-ubpb101.html?name=Boutique%20Whitening&type=simple&_gl=1*kxqw53*_up*MQ..*_ga*MTk3NjE5NDU1LjE3NDQwMzkwNTI.*_ga_0T1NKWVSZ2*MTc0NDA0MzgzNi4yLjAuMTc0NDA0MzgzNi4wLjAuMA..,,,,,N/A,N/A,,Not listed on competitor,,,,N/A,,,Not listed on competitor,,,,,,,,,,
BOU009,Boutique Whitening Top Up Case By Night 16% CP 1x3ml,Boutique Whitening,UBPB161,Boutique Whitening,Each,£3.31,£5.00,€5.80,33.8%,€6.43,-9.8%,https://www.dmi.ie/products/boutique-whitening-carbamide-peroxide-syringe-3ml-16-cp-btq-ubpb161.html?name=Boutique%20Whitening&type=simple&_gl=1*9jt3xl*_up*MQ..*_ga*MTk3NjE5NDU1LjE3NDQwMzkwNTI.*_ga_0T1NKWVSZ2*MTc0NDA0MzgzNi4yLjAuMTc0NDA0MzgzNi4wLjAuMA..,,,,,£5.38,,https://www.dmi.co.uk/products/boutique-whitening-carbamide-peroxide-syringe-3ml-16-cp-btq-ubpb161.html?name=Boutique%20Whitening&type=simple&_gl=1*9jt3xl*_up*MQ..*_ga*MTk3NjE5NDU1LjE3NDQwMzkwNTI.*_ga_0T1NKWVSZ2*MTc0NDA0MzgzNi4yLjAuMTc0NDA0MzgzNi4wLjAuMA..,,,,,N/A,N/A,,Not listed on competitor,,,,N/A,,,Not listed on competitor,,,,,,,,,,
BOU010,Boutique Whitening Top Up Case By Day 6% HP 2x3ml,Boutique Whitening,UBPB062,Boutique Whitening,Pack (2),£6.43,£10.00,€11.60,35.7%,N/A,N/A,,Not listed on competitor,,,,N/A,,,Not listed on competitor,,,,N/A,N/A,,Not listed on competitor,,,,N/A,,,Not listed on competitor,,,,,,,,,,
BOU011,Boutique Whitening Top Up Case By Night 10% CP 2x3ml,Boutique Whitening,UBPB102,Boutique Whitening,Pack (2),£6.43,£10.00,€11.60,35.7%,N/A,N/A,,Not listed on competitor,,,,N/A,,,Not listed on competitor,,,,N/A,N/A,,Not listed on competitor,,,,N/A,,,Not listed on competitor,,,,,,,,,,
BOU012,Boutique Whitening Top Up Case By Night 16% CP 2x3ml,Boutique Whitening,UBPB162,Boutique Whitening,Pack (2),£6.43,£10.00,€11.60,35.7%,N/A,N/A,,Not listed on competitor,,,,N/A,,,Not listed on competitor,,,,N/A,N/A,,Not listed on competitor,,,,N/A,,,Not listed on competitor,,,,,,,,,,
BOU019,Boutique Whitening Top Up Case By Day 6% HP 3x3ml,Boutique Whitening,UBPB063,Boutique Whitening,Pack (3),£9.79,£15.00,€17.40,34.7%,N/A,N/A,,Not listed on competitor,,,,N/A,,,Not listed on competitor,,,,N/A,N/A,,Not listed on competitor,,,,N/A,,,Not listed on competitor,,,,,,,,,,
BOU020,Boutique Whitening Top Up Case By Night 10% CP 3x3ml,Boutique Whitening,UBPB103,Boutique Whitening,Pack (3),£9.79,£15.00,€17.40,34.7%,N/A,N/A,,Not listed on competitor,,,,N/A,,,Not listed on competitor,,,,N/A,N/A,,Not listed on competitor,,,,N/A,,,Not listed on competitor,,,,,,,,,,
BOU021,Boutique Whitening Top Up Case By Night 16% CP 3x3ml,Boutique Whitening,UBPB163,Boutique Whitening,Pack (3),£9.79,£15.00,€17.40,34.7%,N/A,N/A,,Not listed on competitor,,,,N/A,,,Not listed on competitor,,,,N/A,N/A,,Not listed on competitor,,,,N/A,,,Not listed on competitor,,,,,,,,,,
BOU030,Boutique By Night Gift Bag,Boutique,GBAGB,Boutique Whitening,Each,£0.69,£0.90,€1.04,23.3%,€1.25,-16.8%,https://www.dmi.ie/products/boutique-whitening-gift-bag-single-btq-gbag.html,,Boutique Night Gift Bag Black/Gold,UNKNOWN,,£1.10,-18.2%,https://www.dmi.co.uk/products/boutique-whitening-gift-bag-single-btq-gbag.html,,Boutique Night Gift Bag Black/Gold,UNKNOWN,,N/A,N/A,,Not listed on competitor,,,,N/A,,,Not listed on competitor,,,,,,,,,,
BU541,UnoDent Diamond Burs Cylinder FG No. 541 541 Medium 108-011M,UnoDent,BU541,ENDODONTICS & ACCESSORIES,Pack (5),£2.29,£4.82,€5.59,52.6%,N/A,N/A,,Not listed on competitor,,,,N/A,,,Not listed on competitor,,,,N/A,N/A,,Not listed on competitor,,,,N/A,N/A,,Not listed on competitor,,,,,,,,,,
BU541C,UnoDent Diamond Burs Cylinder FG No. 541 Coarse 541 Coarse,UnoDent,BU541C,ENDODONTICS & ACCESSORIES,Pack (5),£2.37,£5.14,€5.96,53.9%,N/A,N/A,,Not listed on competitor,,,,N/A,,,Not listed on competitor,,,,N/A,N/A,,Not listed on competitor,,,,N/A,N/A,,Not listed on competitor,,,,,,,,,,
CAW384,Schulke Mikrozid Jumbo Wipes Refill (70002981) - Pack220,Schulke,70002981,"CLEANING, STERILIZING PRODUCTS",Pack (220),£6.43,£12.70,€14.73,49.4%,€15.82,-6.9%,https://www.dmi.ie/products/mikrozid-alcohol-jumbo-wipes-refills-x-220-schu-70002981.html?name=Schulke&type=simple&_gl=1*1yofrpb*_up*MQ..*_ga*MTEwMDIwODM2OC4xNzQ0MTQxNTkw*_ga_0T1NKWVSZ2*MTc0NDE0MTU5MC4xLjEuMTc0NDE0MTY1Ni4wLjAuMA..,,,,,£13.25,,https://www.dmi.co.uk/products/mikrozid-alcohol-jumbo-wipes-refills-x-220-schu-70002981.html?name=Schulke&type=simple&_gl=1*1yofrpb*_up*MQ..*_ga*MTEwMDIwODM2OC4xNzQ0MTQxNTkw*_ga_0T1NKWVSZ2*MTc0NDE0MTU5MC4xLjEuMTc0NDE0MTY1Ni4wLjAuMA..,,,,,£9.80,29.6%,https://www.dentalsky.com/mikrozid-wipes-plus-tub-220.html,,,,,N/A,N/A,,Not listed on competitor,,,,,,,,,,
CAW596,UnoDent Surface Disinfectant Wipes Alcohol-free Apple Tub,UnoDent,CAW596,"CLEANING, STERILIZING PRODUCTS",Each,£3.78,£6.69,€7.76,43.5%,€4.99,55.5%,https://www.dmi.ie/products/unodent-zero-jumbo-alcohol-free-surface-disinfectant-wipe-x-200-refill-uno-caw597.html,,Unodent Surface Disinfectant Wipes - Alcohol-free Refill Pack - Apple,UNKNOWN,,£4.29,55.9%,https://www.dmi.co.uk/products/unodent-zero-jumbo-alcohol-free-surface-disinfectant-wipe-x-200-refill-uno-caw597.html,,Unodent Surface Disinfectant Wipes - Alcohol-free Refill Pack - Apple,UNKNOWN,,N/A,N/A,,Not listed on competitor,,,,N/A,N/A,,Not listed on competitor,,,,,,,,,,
CAW597,UnoDent Surface Disinfectant Wipes Alcohol-free Refill Pack,UnoDent,CAW597,"CLEANING, STERILIZING PRODUCTS",Each,£2.47,£4.50,€5.22,45.1%,€4.99,4.6%,https://www.dmi.ie/products/unodent-zero-jumbo-alcohol-free-surface-disinfectant-wipe-x-200-refill-uno-caw597.html,,Unodent Surface Disinfectant Wipes - Alcohol-free Refill Pack - Apple,UNKNOWN,,£4.29,4.9%,https://www.dmi.co.uk/products/unodent-zero-jumbo-alcohol-free-surface-disinfectant-wipe-x-200-refill-uno-caw597.html,,Unodent Surface Disinfectant Wipes - Alcohol-free Refill Pack - Apple,UNKNOWN,,N/A,N/A,,Not listed on competitor,,,,N/A,N/A,,Not listed on competitor,,,,,,,,,,
CAW708,Medipal Disinfectant Wipes (Q7W520110MPCE) Tub 240,Medipal,Q7W520110MPCE,"CLEANING, STERILIZING PRODUCTS",Tub (240),£2.37,£5.85,€6.79,59.5%,N/A,N/A,,Not listed on competitor,,,,N/A,,,Not listed on competitor,,,,N/A,N/A,,Not listed on competitor,,,,N/A,,,Not listed on competitor,,,,,,,,,,
CAW751,Kerr CaviWipes Canister (4731160) - Tub160,Kerr,4731160,"CLEANING, STERILIZING PRODUCTS",Tub (160),£5.65,£8.11,€9.41,30.3%,€10.26,-8.3%,https://www.dmi.ie/products/kerr-caviwipes-tub-pk160-tub-pk160-15-24-x-17-15cm-kerr-4731160.html?name=Kerr%20CaviWipes&type=simple&_gl=1*1whf46h*_up*MQ..*_ga*MjEwNTY3MDMxMS4xNzQ0MTI0OTcw*_ga_0T1NKWVSZ2*MTc0NDEyNDk3MC4xLjAuMTc0NDEyNDk3MC4wLjAuMA..,,,,,£8.59,,https://www.dmi.co.uk/products/kerr-caviwipes-tub-pk160-tub-pk160-15-24-x-17-15cm-kerr-4731160.html?name=Kerr%20CaviWipes&type=simple&_gl=1*1whf46h*_up*MQ..*_ga*MjEwNTY3MDMxMS4xNzQ0MTI0OTcw*_ga_0T1NKWVSZ2*MTc0NDEyNDk3MC4xLjAuMTc0NDEyNDk3MC4wLjAuMA..,,,,,£7.95,2.0%,https://www.dentalsky.com/caviwipestm-cannister-160.html,,,,,€5.71,,https://www.dontalia.com/caviwipes-towelettes.html,,,,,,,,,,,
CAW757,Clinell Universal Disinfectant Wipes Refill 250mm x 200mm,Clinell,CWTUB100R,"CLEANING, STERILIZING PRODUCTS",Pack (100),£1.82,£3.65,€4.23,50.2%,€10.69,-60.4%,https://www.dmi.ie/products/clinell-hand-surface-universal-disinfection-wipes-pack-200-gama-bcw200.html?name=Clinell%20&type=simple&_gl=1*hlc4x5*_up*MQ..*_ga*MTA2MDQwNTY2OC4xNzQ0MDUzOTU5*_ga_0T1NKWVSZ2*MTc0NDA1Mzk1OS4xLjEuMTc0NDA1NDA5NC4wLjAuMA..,,,,,£8.95,,https://www.dmi.co.uk/products/clinell-hand-surface-universal-disinfection-wipes-pack-200-gama-bcw200.html?name=Clinell%20&type=simple&_gl=1*hlc4x5*_up*MQ..*_ga*MTA2MDQwNTY2OC4xNzQ0MDUzOTU5*_ga_0T1NKWVSZ2*MTc0NDA1Mzk1OS4xLjEuMTc0NDA1NDA5NC4wLjAuMA..,,,,,£5.60,-34.8%,https://www.dentalsky.com/clinell-universal-wipes-pack-200.html,,,,,N/A,,,Not listed on competitor,,,,,,,,,,
CAW759,Clinell Universal Disinfectant Spray (CDS500) - 500ml,Clinell,CDS500,"CLEANING, STERILIZING PRODUCTS",Each,£1.75,£3.40,€3.94,48.5%,N/A,N/A,,Not listed on competitor,,,,N/A,,,Not listed on competitor,,,,£6.12,-44.4%,https://www.dentalsky.com/clinell-universal-disinfectant-spray-500ml.html,,Clinell Universal Disinfectant Spray - 500ml,UNKNOWN,,N/A,,,Not listed on competitor,,,,,,,,,,
CAW767,Clinell Universal Wipes Heavy Duty (BCW100) - Pack100,Clinell,BCW100,"CLEANING, STERILIZING PRODUCTS",Pack (100),£2.96,£4.73,€5.49,37.4%,N/A,N/A,,Not listed on competitor,,,,N/A,,,Not listed on competitor,,,,N/A,N/A,,Not listed on competitor,,,,N/A,,,Not listed on competitor,,,,,,,,,,
CCA205,Cottontails Round Cotton Wool Cosmetic Remover Pads -Pack200,Robinson,1124,"COTTON, PAPER PRODUCTS",Pack (200),£1.46,£1.95,€2.26,25.0%,N/A,N/A,,Not listed on competitor,,,,N/A,,,Not listed on competitor,,,,N/A,N/A,,Not listed on competitor,,,,N/A,,,Not listed on competitor,,,,,,,,,,
CGD156,Meditrade Gentle Skin Compact+ Latex Gloves P/Free X-Small,Meditrade,1221XSI,"APRONS, BIBS & GLOVES",Box (100),£2.58,£4.00,€4.64,35.5%,N/A,N/A,,Not listed on competitor,,,,N/A,,,Not listed on competitor,,,,N/A,N/A,,Not listed on competitor,,,,N/A,,,Not listed on competitor,,,,,,,,,,
CGD167,Meditrade Gentle Skin Compact+ Latex Gloves P/Free Small,Meditrade,1221SI,"APRONS, BIBS & GLOVES",Box (100),£2.58,£4.00,€4.64,35.5%,N/A,N/A,,Not listed on competitor,,,,N/A,,,Not listed on competitor,,,,N/A,N/A,,Not listed on competitor,,,,N/A,,,Not listed on competitor,,,,,,,,,,
CGD178,Meditrade Gentle Skin Compact+ Latex Gloves P/Free Medium,Meditrade,1221MI,"APRONS, BIBS & GLOVES",Box (100),£2.45,£4.00,€4.64,38.8%,N/A,N/A,,Not listed on competitor,,,,N/A,,,Not listed on competitor,,,,N/A,N/A,,Not listed on competitor,,,,N/A,,,Not listed on competitor,,,,,,,,,,
CHM076,Meditrade Suavel Protec Plus Type IIR Surgical Mask Ear Loop,Meditrade,80-957,"COTTON, PAPER PRODUCTS",Each,£1.99,£2.55,€2.96,21.9%,N/A,N/A,,Not listed on competitor,,,,N/A,,,Not listed on competitor,,,,N/A,N/A,,Not listed on competitor,,,,N/A,,,Not listed on competitor,,,,,,,,,,
CHM078,Meditrade Suavel Protec Type IIR Face Masks 3ply Ear Loop,Meditrade,80-902,"COTTON, PAPER PRODUCTS",Box (50),£1.29,£2.88,€3.34,55.2%,N/A,N/A,,Not listed on competitor,,,,N/A,,,Not listed on competitor,,,,N/A,N/A,,Not listed on competitor,,,,N/A,,,Not listed on competitor,,,,,,,,,,
CJT062,UnoDent Disposable Aspirator Tips - Child 16mm Yellow,UnoDent,CJT062,SALIVA EJECTORS,Pack (50),£2.68,£6.02,€6.98,55.5%,N/A,N/A,,Not listed on competitor,,,,N/A,,,Not listed on competitor,,,,N/A,N/A,,Not listed on competitor,,,,N/A,N/A,,Not listed on competitor,,,,,,,,,,
CJU000,UnoDent Disposable Aspirator Tube White 135x11mm - Pack100,UnoDent,CJU000,SALIVA EJECTORS,Pack (100),£0.92,£2.04,€2.37,54.9%,N/A,N/A,,Not listed on competitor,,,,N/A,,,Not listed on competitor,,,,N/A,N/A,,Not listed on competitor,,,,N/A,N/A,,Not listed on competitor,,,,,,,,,,
CJU001,UnoDent Disposable Aspirator Tube Blue 135x11mm - Pack100,UnoDent,CJU001,SALIVA EJECTORS,Pack (100),£0.90,£2.75,€3.19,67.3%,N/A,N/A,,Not listed on competitor,,,,N/A,,,Not listed on competitor,,,,N/A,N/A,,Not listed on competitor,,,,N/A,N/A,,Not listed on competitor,,,,,,,,,,
CJU010,UnoDent Disposable Aspirator Tube Vented White - Pack100,UnoDent,CJU010,SALIVA EJECTORS,Pack (100),£1.17,£2.37,€2.75,50.6%,N/A,N/A,,Not listed on competitor,,,,N/A,,,Not listed on competitor,,,,N/A,N/A,,Not listed on competitor,,,,N/A,N/A,,Not listed on competitor,,,,,,,,,,
COP495,Hygitech Saliva Ejectors with Removable Tips Blue (ME-3054),Hygitech,ME-3054,MISCELLANEOUS,Box (100),£1.74,£3.52,€4.08,50.6%,N/A,N/A,,Not listed on competitor,,,,N/A,,,Not listed on competitor,,,,N/A,N/A,,Not listed on competitor,,,,N/A,,,Not listed on competitor,,,,,,,,,,
CPP024,Johnson & Johnson Topper 12 Swabs 5cmx5cm (M53605N) -Pack200,Johnson & Johnson,M53605N,"COTTON, PAPER PRODUCTS",Pack (200),£1.11,£4.85,€5.63,77.1%,N/A,N/A,,Not listed on competitor,,,,N/A,,,Not listed on competitor,,,,£6.75,-28.1%,https://www.dentalsky.com/topper-12-swabs-5-x-5cm.html,,,,,N/A,,,Not listed on competitor,,,,,,,,,,
CPP043,Johnson & Johnson Topper 12 Swabs 7.5x7.5cm M50607 -Pack100,Johnson & Johnson,M50607,"COTTON, PAPER PRODUCTS",Pack (100),£2.15,£5.71,€6.62,62.3%,€5.42,22.2%,https://www.dmi.ie/products/johnson-johnson-topper-12-non-sterile-swabs-100pk-7-5-x-7-5cm-topp-m50607.html?name=Topper%20&type=simple&_gl=1*115543b*_up*MQ..*_ga*ODIwNDE3ODY3LjE3NDQwNTc0NDE.*_ga_0T1NKWVSZ2*MTc0NDExNjYxMi4yLjEuMTc0NDExODQ2MC4wLjAuMA..,,,,,£4.54,,https://www.dmi.co.uk/products/johnson-johnson-topper-12-non-sterile-swabs-100pk-7-5-x-7-5cm-topp-m50607.html?name=Topper%20&type=simple&_gl=1*115543b*_up*MQ..*_ga*ODIwNDE3ODY3LjE3NDQwNTc0NDE.*_ga_0T1NKWVSZ2*MTc0NDExNjYxMi4yLjEuMTc0NDExODQ2MC4wLjAuMA..,,,,,£8.60,-33.6%,https://www.dentalsky.com/topper-12-swabs-7-5-x-7-5cm.html,,,,,N/A,,,Not listed on competitor,,,,,,,,,,
CPP053,Johnson & Johnson Topper 8 Swabs 10X10cm (M50410) - Pack100,Johnson & Johnson,M50410,"COTTON, PAPER PRODUCTS",Pack (100),£3.24,£5.59,€6.48,42.0%,€10.87,-40.3%,https://www.dmi.ie/products/johnson-johnson-topper-8-non-sterile-swabs-100pk-10-x-10cm-top-m50410.html?name=Topper%20&type=simple&_gl=1*2fzs28*_up*MQ..*_ga*MzI4NzQ0ODA0LjE3NDQxMTg5MTU.*_ga_0T1NKWVSZ2*MTc0NDExODkxNS4xLjAuMTc0NDExODkxNS4wLjAuMA..,,,,,£9.10,,https://www.dmi.co.uk/products/johnson-johnson-topper-8-non-sterile-swabs-100pk-10-x-10cm-top-m50410.html?name=Topper%20&type=simple&_gl=1*2fzs28*_up*MQ..*_ga*MzI4NzQ0ODA0LjE3NDQxMTg5MTU.*_ga_0T1NKWVSZ2*MTc0NDExODkxNS4xLjAuMTc0NDExODkxNS4wLjAuMA..,,,,,N/A,N/A,,Not listed on competitor,,,,N/A,,,Not listed on competitor,,,,,,,,,,
CPP070,Johnson & Johnson Topper 8 Swabs 5x5cm (JJM50405) - Pack100,Johnson & Johnson,504526,"COTTON, PAPER PRODUCTS",Pack (100),£2.09,£3.23,€3.75,35.3%,€4.85,-22.7%,https://www.dmi.ie/products/johnson-johnson-topper-8-non-sterile-swabs-100pk-5-x-5cm-top-m50405.html?name=Topper%20&type=simple&_gl=1*tgrf*_up*MQ..*_ga*MzI4NzQ0ODA0LjE3NDQxMTg5MTU.*_ga_0T1NKWVSZ2*MTc0NDExODkxNS4xLjAuMTc0NDExODkxNS4wLjAuMA..,,,,,£4.06,,https://www.dmi.co.uk/products/johnson-johnson-topper-8-non-sterile-swabs-100pk-5-x-5cm-top-m50405.html?name=Topper%20&type=simple&_gl=1*tgrf*_up*MQ..*_ga*MzI4NzQ0ODA0LjE3NDQxMTg5MTU.*_ga_0T1NKWVSZ2*MTc0NDExODkxNS4xLjAuMTc0NDExODkxNS4wLjAuMA..,,,,,£4.35,-25.7%,https://www.dentalsky.com/topper-8-swabs-5-x-5cm-nu-gauze.html,,,,,N/A,,,Not listed on competitor,,,,,,,,,,
CPP073,UnoDent Cotton Wool Rolls No.2 (CCA105) - Box1000,UnoDent,CCA105,"COTTON, PAPER PRODUCTS",Box (1000),£3.29,£5.99,€6.95,45.1%,N/A,N/A,,Not listed on competitor,,,,N/A,,,Not listed on competitor,,,,N/A,N/A,,Not listed on competitor,,,,N/A,N/A,,Not listed on competitor,,,,,,,,,,
CPP074,UnoDent Throat Pack Roll 10m (CCT615) - Each,UnoDent,CCT615,"COTTON, PAPER PRODUCTS",Each,£3.05,£5.91,€6.86,48.4%,N/A,N/A,,Not listed on competitor,,,,N/A,,,Not listed on competitor,,,,N/A,N/A,,Not listed on competitor,,,,N/A,N/A,,Not listed on competitor,,,,,,,,,,
CPP092,Universal Alcotip Pre-injection Swabs - Box100,Robinson Healthcare,5885,"COTTON, PAPER PRODUCTS",Box (100),£0.52,£1.44,€1.67,63.9%,N/A,N/A,,Not listed on competitor,,,,N/A,,,Not listed on competitor,,,,£1.25,15.2%,https://www.dentalsky.com/robinson-fast-aid-ipa-alcohol-pre-injection-swabs-100.html,,,,,N/A,,,Not listed on competitor,,,,,,,,,,
CPP096,Perfection Plus Protect+ Blue Ear Loop Masks (002/0048) - 50,Perfection Plus,002/0048,"COTTON, PAPER PRODUCTS",Box (50),£1.95,£4.16,€4.83,53.1%,€7.50,-35.6%,https://www.dmi.ie/products/protect-medical-face-masks-3-ply-ear-loop-type-iir-blue-box-50-perf-0020048.html,,Perfection Plus Protect+ Medical Face Masks 3 Ply Ear Loop Type IIR,UNKNOWN,,£6.30,-34.0%,https://www.dmi.co.uk/products/protect-medical-face-masks-3-ply-ear-loop-type-iir-blue-box-50-perf-0020048.html,,Perfection Plus Protect+ Medical Face Masks 3 Ply Ear Loop Type IIR,UNKNOWN,,N/A,N/A,,Not listed on competitor,,,,N/A,N/A,,Not listed on competitor,,,,,,,,,,
CSP005,Milton Sterilising Fluid 500ml - Each,Milton,13361370037510,"CLEANING, STERILIZING PRODUCTS",Each,£1.37,£4.16,€4.83,67.1%,€5.36,-10.0%,https://www.dmi.ie/products/milton-disinfecting-fluid-500ml-riva-0001.html?name=Milton%20&type=simple,,,,,£4.49,,https://www.dmi.co.uk/products/milton-disinfecting-fluid-500ml-riva-0001.html?name=Milton%20&type=simple,,,,,N/A,N/A,,Not listed on competitor,,,,N/A,,,Not listed on competitor,,,,,,,,,,
CSP043,Durr Orotol Plus 2.5Litre - Each (CDS110P6150),DURR,CDS110P6150,"CLEANING, STERILIZING PRODUCTS",Each,£33.41,£59.41,€68.92,43.8%,€68.85,0.1%,https://www.dmi.ie/products/durr-orotol-plus-2-5l-durr-cds110p6150.html,,Durr Orotol Plus 2.5L,UNKNOWN,,£59.21,0.3%,https://www.dmi.co.uk/products/durr-orotol-plus-2-5l-durr-cds110p6150.html,,Durr Orotol Plus 2.5L,UNKNOWN,,£41.25,44.0%,https://www.dentalsky.com/orotol-plus-2-5-litres.html,,,,,€36.39,,https://www.dontalia.com/orotol-plus-en-14476-25l,,,,,,,,,,,
CSP129,A-dec ICX Tablets 2Litre (90.1065.01) - Box50,ADEC,90.1065.01,"CLEANING, STERILIZING PRODUCTS",Box (50),£45.07,£84.41,€97.92,46.6%,N/A,N/A,,Not listed on competitor,,,,N/A,,,Not listed on competitor,,,,£79.95,5.6%,https://www.dentalsky.com/icx-waterline-treatment-tablets-0-2-litres-50-adec.html,,,,,N/A,,,Not listed on competitor,,,,,,,,,,
CSP149A,Schulke Mikrozid Alcohol Free Wipes Refill (70003112) -Pk200,Schulke,70003112,"CLEANING, STERILIZING PRODUCTS",Pack (200),£6.43,£11.52,€13.36,44.2%,€14,-4.5%,https://www.dmi.ie/products/schulke-mikrozid-wipes-jumbo-alcohol-free-refill-200pk-schu-70001449.html?name=Schulke&type=simple&_gl=1*1g5wgw1*_up*MQ..*_ga*MTEwMDIwODM2OC4xNzQ0MTQxNTkw*_ga_0T1NKWVSZ2*MTc0NDE0MTU5MC4xLjEuMTc0NDE0MTY1Ni4wLjAuMA..,,,,,£11.72,,https://www.dmi.co.uk/products/schulke-mikrozid-wipes-jumbo-alcohol-free-refill-200pk-schu-70001449.html?name=Schulke&type=simple&_gl=1*1g5wgw1*_up*MQ..*_ga*MTEwMDIwODM2OC4xNzQ0MTQxNTkw*_ga_0T1NKWVSZ2*MTc0NDE0MTU5MC4xLjEuMTc0NDE0MTY1Ni4wLjAuMA..,,,,,£9.80,17.6%,https://www.dentalsky.com/mikrozid-alcohol-free-wipes-tub-200.html,,,,,N/A,N/A,,Not listed on competitor,,,,,,,,,,
CSP161,Bossklein Hard Surface Spray Lemon 500ml (BOS9782) - Each,Bossklein,BOS9782,"CLEANING, STERILIZING PRODUCTS",Each,£2.43,£3.47,€4.03,30.0%,N/A,N/A,,Not listed on competitor,,,,N/A,,,Not listed on competitor,,,,N/A,N/A,,Not listed on competitor,,,,N/A,,,Not listed on competitor,,,,,,,,,,
CSP165,Bossklein Max V-Wipes Lemon Refill (BOS9784) - Pack200,Bossklein,BOS9784,"CLEANING, STERILIZING PRODUCTS",Pack (200),£5.00,£7.14,€8.28,30.0%,N/A,N/A,,Not listed on competitor,,,,N/A,,,Not listed on competitor,,,,N/A,N/A,,Not listed on competitor,,,,N/A,,,Not listed on competitor,,,,,,,,,,
CSP167,Bossklein Daily Aspirator Cleaner & Disinfectant 5L BOS2488,Bossklein,BOS2488,"CLEANING, STERILIZING PRODUCTS",Each,£18.00,£27.93,€32.40,35.6%,N/A,N/A,,Not listed on competitor,,,,N/A,,,Not listed on competitor,,,,£44.34,-37.0%,https://www.dentalsky.com/bossklein-dailyasp-aspirator-cleaner-and-disinfectant-5-litre-refill.html,,Bossklein DAILYasp Aspirator Cleaner and Disinfectant - 5 Litre Refill,UNKNOWN,,N/A,,,Not listed on competitor,,,,,,,,,,
CSP219,Clinell Universal Sanitising Wipe (CW200) - Pack200,Clinell,CW200,"CLEANING, STERILIZING PRODUCTS",Pack (200),£3.86,£6.41,€7.44,39.8%,N/A,N/A,,Not listed on competitor,,,,N/A,,,Not listed on competitor,,,,N/A,N/A,,Not listed on competitor,,,,N/A,,,Not listed on competitor,,,,,,,,,,
CSP230,UnoDent Disinfectant Surface Wipes Refill Jumbo (CAW585)-200,UnoDent,CAW585,"CLEANING, STERILIZING PRODUCTS",Pack (200),£4.32,£5.81,€6.74,25.6%,€8.25,-18.3%,https://www.dmi.ie/products/jumbo-alcohol-surface-disinfectant-wipes-x-200-refill-uno-caw585.html,,UnoDent Jumbo Alcohol Surface Disinfectant Wipes (Refill Pk 200),MATCH,,£7.10,-18.2%,https://www.dmi.co.uk/products/jumbo-alcohol-surface-disinfectant-wipes-x-200-refill-uno-caw585.html,,UnoDent Jumbo Alcohol Surface Disinfectant Wipes (Refill Pk 200),MATCH,,N/A,N/A,,Not listed on competitor,,,,N/A,N/A,,Not listed on competitor,,,,,,,,,,
CSP248,UnoDent Enzymatic Ultrasonic Concentrate 5Litre (GUC005),UnoDent,GUC005,"CLEANING, STERILIZING PRODUCTS",Each,£10.45,£35.65,€41.35,70.7%,N/A,N/A,,Not listed on competitor,,,,N/A,,,Not listed on competitor,,,,N/A,N/A,,Not listed on competitor,,,,N/A,N/A,,Not listed on competitor,,,,,,,,,,
CSP272,UnoDent UnoWipes Refill (CAW566) - Pack200,UnoDent,CAW566,"CLEANING, STERILIZING PRODUCTS",Pack (200),£3.26,£5.20,€6.03,37.3%,N/A,N/A,,Not listed on competitor,,,,N/A,,,Not listed on competitor,,,,N/A,N/A,,Not listed on competitor,,,,N/A,N/A,,Not listed on competitor,,,,,,,,,,
CSP327,Bossklein V-WIPE ZERO Refill Alcohol Free Large (BOS2001),Bossklein,BOS2001,"CLEANING, STERILIZING PRODUCTS",Each,£3.75,£5.36,€6.22,30.0%,€7.95,-21.8%,https://www.dmi.ie/products/v-wipe-zero-jumbo-alcohol-free-surface-disinfectant-wipe-x-200-refill-bos-2001.html,,Bossklein V-Wipe Zero Jumbo Alcohol Free Surface Disinfectant Wipe Refill Pack 200,UNKNOWN,,£6.75,-20.6%,https://www.dmi.co.uk/products/v-wipe-zero-jumbo-alcohol-free-surface-disinfectant-wipe-x-200-refill-bos-2001.html,,Bossklein V-Wipe Zero Jumbo Alcohol Free Surface Disinfectant Wipe Refill Pack 200,UNKNOWN,,£5.45,-1.7%,https://www.dentalsky.com/bossklein-v-wipe-zero-refill-apple-200.html,,,,,N/A,,,Not listed on competitor,,,,,,,,,,
CSP340,Bossklein IDactiv Instrument Disinfectant 2.5L (BOS9843),Bossklein,BOS9843,"CLEANING, STERILIZING PRODUCTS",Each,£15.70,£22.43,€26.02,30.0%,€33.50,-22.3%,https://www.dmi.ie/products/idactive-instrument-disinfectant-2-5-litre-bos-9843.html,,Bossklein IDactiv Instrument Disinfectant 2.5 Litre,UNKNOWN,,£28.40,-21.0%,https://www.dmi.co.uk/products/idactive-instrument-disinfectant-2-5-litre-bos-9843.html,,Bossklein IDactiv Instrument Disinfectant 2.5 Litre,UNKNOWN,,£37.74,-40.6%,https://www.dentalsky.com/bossklein-idactiv-instrument-disinfectant-2-5-litre-with-dosing-cap.html,,Bossklein IDactiv Instrument Disinfectant - 2.5 Litre With Dosing Cap,UNKNOWN,,N/A,,,Not listed on competitor,,,,,,,,,,
CSR008,UnoDent Steel Bur RA Round No.8 (BLC8)  - Pack25,UnoDent,BLC8,ENDODONTICS & ACCESSORIES,Pack (25),£6.32,£14.27,€16.55,55.7%,N/A,N/A,,Not listed on competitor,,,,N/A,,,Not listed on competitor,,,,N/A,N/A,,Not listed on competitor,,,,N/A,N/A,,Not listed on competitor,,,,,,,,,,
DTW312,UnoDent Tweezers College Type Angled - Each,UnoDent,DTW312,INSTRUMENTS & ACCESSORIES,Each,£0.97,£3.37,€3.91,71.2%,N/A,N/A,,Not listed on competitor,,,,N/A,,,Not listed on competitor,,,,N/A,N/A,,Not listed on competitor,,,,N/A,N/A,,Not listed on competitor,,,,,,,,,,
DWG005,Dentsply WaveOne Gold Primary File 25mm (A0753225G0P03),Dentsply,A0753225G0P03,ENDODONTICS & ACCESSORIES,Pack (3),£33.48,£50.99,€59.15,34.3%,€68.77,-14.0%,https://www.dmi.ie/products/dentsply-sirona-waveone-gold-primary-file-3pk-25mm-dent-a0753225g0p03.html,,Dentsply Sirona Waveone Gold Primary File 25mm  Pack 3 - Red,UNKNOWN,,£57.77,-11.7%,https://www.dmi.co.uk/products/dentsply-sirona-waveone-gold-primary-file-3pk-25mm-dent-a0753225g0p03.html,,Dentsply Sirona Waveone Gold Primary File 25mm  Pack 3 - Red,UNKNOWN,,£46.35,10.0%,https://www.dentalsky.com/dentsply-waveone-gold-primary-25mm-3.html,,,,,€78.99,,,,,,,,,,,,,
EGU201,UnoDent SS K File 21mm Size 10 - Pack6,UnoDent,EGU201,ENDODONTICS & ACCESSORIES,Pack (6),£0.83,£3.38,€3.92,75.4%,N/A,N/A,,Not listed on competitor,,,,N/A,,,Not listed on competitor,,,,N/A,N/A,,Not listed on competitor,,,,N/A,N/A,,Not listed on competitor,,,,,,,,,,
EGU211,UnoDent SS K File 25mm Size 8 - Pack6,UnoDent,EGU211,ENDODONTICS & ACCESSORIES,Pack (6),£0.83,£3.32,€3.85,75.0%,N/A,N/A,,Not listed on competitor,,,,N/A,,,Not listed on competitor,,,,N/A,N/A,,Not listed on competitor,,,,N/A,N/A,,Not listed on competitor,,,,,,,,,,
EGU212,UnoDent SS K File 25mm Size 10 - Pack6,UnoDent,EGU212,ENDODONTICS & ACCESSORIES,Pack (6),£0.83,£3.32,€3.85,75.0%,N/A,N/A,,Not listed on competitor,,,,N/A,,,Not listed on competitor,,,,N/A,N/A,,Not listed on competitor,,,,N/A,N/A,,Not listed on competitor,,,,,,,,,,
EGU213,UnoDent SS K File 25mm Size 15 - Pack6,UnoDent,EGU213,ENDODONTICS & ACCESSORIES,Pack (6),£0.83,£3.32,€3.85,75.0%,N/A,N/A,,Not listed on competitor,,,,N/A,,,Not listed on competitor,,,,N/A,N/A,,Not listed on competitor,,,,N/A,N/A,,Not listed on competitor,,,,,,,,,,
EGU214,UnoDent SS K File 25mm Size 20 - Pack6,UnoDent,EGU214,ENDODONTICS & ACCESSORIES,Pack (6),£0.83,£3.32,€3.85,75.0%,N/A,N/A,,Not listed on competitor,,,,N/A,,,Not listed on competitor,,,,N/A,N/A,,Not listed on competitor,,,,N/A,N/A,,Not listed on competitor,,,,,,,,,,
EGU215,UnoDent SS K File 25mm Size 25 - Pack6,UnoDent,EGU215,ENDODONTICS & ACCESSORIES,Pack (6),£0.81,£3.32,€3.85,75.6%,N/A,N/A,,Not listed on competitor,,,,N/A,,,Not listed on competitor,,,,N/A,N/A,,Not listed on competitor,,,,N/A,N/A,,Not listed on competitor,,,,,,,,,,
EGU216,UnoDent SS K File 25mm Size 30 - Pack6,UnoDent,EGU216,ENDODONTICS & ACCESSORIES,Pack (6),£0.81,£3.32,€3.85,75.6%,N/A,N/A,,Not listed on competitor,,,,N/A,,,Not listed on competitor,,,,N/A,N/A,,Not listed on competitor,,,,N/A,N/A,,Not listed on competitor,,,,,,,,,,
EGU217,UnoDent SS K File 25mm Size 35 - Pack6,UnoDent,EGU217,ENDODONTICS & ACCESSORIES,Pack (6),£0.83,£3.34,€3.87,75.1%,N/A,N/A,,Not listed on competitor,,,,N/A,,,Not listed on competitor,,,,N/A,N/A,,Not listed on competitor,,,,N/A,N/A,,Not listed on competitor,,,,,,,,,,
EGU218,UnoDent SS K File 25mm Size 40 - Pack6,UnoDent,EGU218,ENDODONTICS & ACCESSORIES,Pack (6),£0.83,£3.32,€3.85,75.0%,N/A,N/A,,Not listed on competitor,,,,N/A,,,Not listed on competitor,,,,N/A,N/A,,Not listed on competitor,,,,N/A,N/A,,Not listed on competitor,,,,,,,,,,
EGU359,UnoDent SS H File (Hedstrom) 25mm Size 15 - Pack6,UnoDent,EGU359,ENDODONTICS & ACCESSORIES,Pack (6),£0.83,£3.19,€3.70,74.0%,N/A,N/A,,Not listed on competitor,,,,N/A,,,Not listed on competitor,,,,N/A,N/A,,Not listed on competitor,,,,N/A,N/A,,Not listed on competitor,,,,,,,,,,
EHO018,Bossklein Universal Handpiece Oil Spray 500ml (BOS9777) Each,Bossklein,BOS9777,EQS - Equipment Sundries,Each,£2.10,£4.63,€5.37,54.6%,N/A,N/A,,Not listed on competitor,,,,N/A,,,Not listed on competitor,,,,N/A,N/A,,Not listed on competitor,,,,N/A,,,Not listed on competitor,,,,,,,,,,
EHO027,UnoDent Unolube Universal Spray 500ml (GOU100) - Each,UnoDent,GOU100,EQS - Equipment Sundries,Each,£3.14,£11.08,€12.85,71.7%,N/A,N/A,,Not listed on competitor,,,,N/A,,,Not listed on competitor,,,,N/A,N/A,,Not listed on competitor,,,,N/A,N/A,,Not listed on competitor,,,,,,,,,,
EIM038,Perfection Plus Tray Lining Paper Blue (PP002/0012B),Perfection Plus,PP002/0012B,INSTRUMENTS & ACCESSORIES,Pack (250),£3.40,£5.00,€5.80,32.0%,€7.92,-26.8%,https://www.dmi.ie/products/perfection-plus-tray-paper-250pk-blue-perf-0020012b.html,,Perfection Plus Tray Paper - 250 Pack  Blue,UNKNOWN,,£6.97,-28.3%,https://www.dmi.co.uk/products/perfection-plus-tray-paper-250pk-blue-perf-0020012b.html,,Perfection Plus Tray Paper - 250 Pack  Blue,UNKNOWN,,N/A,N/A,,Not listed on competitor,,,,N/A,N/A,,Not listed on competitor,,,,,,,,,,
EIM041,Perfection Plus Tray Lining Paper Pink (PP002/0012P),Perfection Plus,PP002/0012P,INSTRUMENTS & ACCESSORIES,Pack (250),£3.40,£5.00,€5.80,32.0%,€7.92,-26.8%,https://www.dmi.ie/products/perfection-plus-tray-paper-250pk-pink-perf-0020012p.html,,Perfection Plus Tray Paper X 250 Pink,UNKNOWN,,£6.97,-28.3%,https://www.dmi.co.uk/products/perfection-plus-tray-paper-250pk-pink-perf-0020012p.html,,Perfection Plus Tray Paper X 250 Pink,UNKNOWN,,N/A,N/A,,Not listed on competitor,,,,N/A,N/A,,Not listed on competitor,,,,,,,,,,
EIM043,"UnoDent Tray Lining Paper 11""x7"" (CUD060) - Pack250",UnoDent,CUD060,INSTRUMENTS & ACCESSORIES,Pack (250),£2.40,£6.32,€7.33,62.0%,N/A,N/A,,Not listed on competitor,,,,N/A,,,Not listed on competitor,,,,N/A,N/A,,Not listed on competitor,,,,N/A,N/A,,Not listed on competitor,,,,,,,,,,
EIM054,UnoDent Disposable Tray Liner Green (CUD002) - Pack50,UnoDent,CUD002,INSTRUMENTS & ACCESSORIES,Pack (50),£2.21,£6.34,€7.35,65.1%,N/A,N/A,,Not listed on competitor,,,,N/A,,,Not listed on competitor,,,,N/A,N/A,,Not listed on competitor,,,,N/A,N/A,,Not listed on competitor,,,,,,,,,,
ELU606,UnoDent UnoOne Reciprocating File Primary 3-file 25mm 25,UnoDent,ELU606,ENDODONTICS & ACCESSORIES,Pack (3),£5.82,£16.88,€19.58,65.5%,N/A,N/A,,Not listed on competitor,,,,N/A,,,Not listed on competitor,,,,N/A,N/A,,Not listed on competitor,,,,N/A,N/A,,Not listed on competitor,,,,,,,,,,
ELU659,UnoDent UnoTaper Rotary File Sterile S1 25mm - Pack6,UnoDent,ELU659,ENDODONTICS & ACCESSORIES,Pack (6),£6.74,£21.72,€25.20,69.0%,N/A,N/A,,Not listed on competitor,,,,N/A,,,Not listed on competitor,,,,N/A,N/A,,Not listed on competitor,,,,N/A,N/A,,Not listed on competitor,,,,,,,,,,
ELU661,UnoDent UnoTaper Rotary File Sterile F1 25mm - Pack6,UnoDent,ELU661,ENDODONTICS & ACCESSORIES,Pack (6),£6.56,£21.72,€25.20,69.8%,N/A,N/A,,Not listed on competitor,,,,N/A,,,Not listed on competitor,,,,N/A,N/A,,Not listed on competitor,,,,N/A,N/A,,Not listed on competitor,,,,,,,,,,
ELU666,UnoDent UnoTaper Rotary File Sterile Assorted SX/F3 25mm,UnoDent,ELU666,ENDODONTICS & ACCESSORIES,Pack (6),£6.60,£21.93,€25.44,69.9%,€19.75,28.8%,https://www.dmi.ie/products/unotaper-rotary-file-sterile-pack-6-assorted-sx-f3-25mm-uno-elu666.html,,UnoDent UnoTaper Rotary File Sterile Assorted SX/F3 25mm - Pack of 6,UNKNOWN,,£22.78,-3.7%,https://www.dmi.co.uk/products/unotaper-rotary-file-sterile-pack-6-assorted-sx-f3-25mm-uno-elu666.html,,UnoDent UnoTaper Rotary File Sterile Assorted SX/F3 25mm - Pack of 6,UNKNOWN,,N/A,N/A,,Not listed on competitor,,,,N/A,N/A,,Not listed on competitor,,,,,,,,,,
EMED002,#Eire Septodont Xylonor Gel 15g - Each,Septodont,XYLON03S / 6,MEDICINES,Each,£8.73,£11.33,€13.14,23.0%,N/A,N/A,,Not listed on competitor,,,,N/A,,,Not listed on competitor,,,,N/A,N/A,,Not listed on competitor,,,,N/A,,,Not listed on competitor,,,,,,,,,,
EMED003,#Eire Septodont Lignospan 2% Special 2.2ml - Box50,Septodont,LIGNO02S,MEDICINES,Box (50),£24.45,£28.88,€33.50,15.3%,N/A,N/A,,Not listed on competitor,,,,N/A,,,Not listed on competitor,,,,N/A,N/A,,Not listed on competitor,,,,N/A,,,Not listed on competitor,,,,,,,,,,
EMED004,#Eire Septodont Scandonest 3% Plain 2.2ml - Box50,Septodont,SCAND04S,MEDICINES,Box (50),£25.04,£29.85,€34.63,16.1%,N/A,N/A,,Not listed on competitor,,,,N/A,,,Not listed on competitor,,,,N/A,N/A,,Not listed on competitor,,,,N/A,,,Not listed on competitor,,,,,,,,,,
EMED018,"#Eire Septodont Septanest 1:100,000 2.2ml - Box50",Septodont,11825O,MEDICINES,Box (50),£26.14,£30.81,€35.74,15.1%,N/A,N/A,,Not listed on competitor,,,,N/A,,,Not listed on competitor,,,,N/A,N/A,,Not listed on competitor,,,,N/A,,,Not listed on competitor,,,,,,,,,,
EMV155,VDW C-Pilot Sterile File Size 10 25mm (V040368025010),VDW,V040368025010,ENDODONTICS & ACCESSORIES,Pack (6),£12.16,£15.07,€17.48,19.3%,€17.25,1.3%,https://www.dmi.ie/products/vdw-sterile-c-pilot-files-25mm-size-10-6pk-vdw-368025010.html,,VDW Sterile C-Pilot Files 25mm Size 10 Purple 6pk,UNKNOWN,,£14.84,1.5%,https://www.dmi.co.uk/products/vdw-sterile-c-pilot-files-25mm-size-10-6pk-vdw-368025010.html,,VDW Sterile C-Pilot Files 25mm Size 10 Purple 6pk,UNKNOWN,,N/A,N/A,,Not listed on competitor,,,,€11.50,,https://www.dontalia.com/c-pilot-files-sizes-06-10-zipperer-vdw.html,,,,,,,,,,,
ENG009,UnoDent Barrier Envelopes Size 2 30x40mm (QWU002) - Pack300,UnoDent,QWU002,ENGINEERING,Pack (300),£21.20,£28.99,€33.63,26.9%,N/A,N/A,,Not listed on competitor,,,,N/A,,,Not listed on competitor,,,,N/A,N/A,,Not listed on competitor,,,,N/A,N/A,,Not listed on competitor,,,,,,,,,,
ENG025,UnoDent Bite Covers Size 2 30x40mm (QWU012) - Pack200,UnoDent,QWU012,ENGINEERING,Pack (200),£12.66,£27.14,€31.48,53.3%,N/A,N/A,,Not listed on competitor,,,,N/A,,,Not listed on competitor,,,,N/A,N/A,,Not listed on competitor,,,,N/A,N/A,,Not listed on competitor,,,,,,,,,,
EQS081A,UnoDent TST Indicator Strips (GAI085) - Box100,UnoDent,GAI085,EQS - Equipment Sundries,Box (100),£6.04,£16.87,€19.57,64.2%,N/A,N/A,,Not listed on competitor,,,,N/A,,,Not listed on competitor,,,,N/A,N/A,,Not listed on competitor,,,,N/A,N/A,,Not listed on competitor,,,,,,,,,,
EQS150C,BF Mulholland Detergent - UltraClean 11/111 - 5Ltr (1080),SERCHEM,1080BFMUL,EQS - Equipment Sundries,Each,£14.50,£42.28,€49.04,65.7%,N/A,N/A,,Not listed on competitor,,,,N/A,,,Not listed on competitor,,,,N/A,N/A,,Not listed on competitor,,,,N/A,N/A,,Not listed on competitor,,,,,,,,,,
ESB016,Edenta Steel Burs Round 23/010 Size 2 (1.204.010) - Pack 5,Edenta,1.204.010,ENDODONTICS & ACCESSORIES,Pack (5),£1.27,£1.90,€2.20,33.1%,€4.35,-49.4%,https://www.dmi.ie/products/edenta-ra-steel-round-burs-6pk-size-010-eden-1-204-010.html,,Edenta Steel Round Bur R/A Pack 5 Size 2/010,MATCH,,£3.74,-49.2%,https://www.dmi.co.uk/products/edenta-ra-steel-round-burs-6pk-size-010-eden-1-204-010.html,,Edenta Steel Round Bur R/A Pack 5 Size 2/010,MATCH,,£3.55,-46.5%,https://www.dentalsky.com/edenta-dental-steel-burs-ra-round-no-2-5.html,,,,,N/A,,,Not listed on competitor,,,,,,,,,,
ESB017,Edenta Steel Burs Round 23/012 Size 3 (1.204.012) - Pack 5,Edenta,1.204.012,ENDODONTICS & ACCESSORIES,Pack (5),£1.27,£1.90,€2.20,33.1%,€4.35,-49.4%,https://www.dmi.ie/products/edenta-ra-steel-round-burs-6pk-size-012-eden-1-204-012.html,,Edenta Steel Round Bur R/A Pack 5 Size 3/012,MATCH,,£3.74,-49.2%,https://www.dmi.co.uk/products/edenta-ra-steel-round-burs-6pk-size-012-eden-1-204-012.html,,Edenta Steel Round Bur R/A Pack 5 Size 3/012,MATCH,,£3.55,-46.5%,https://www.dentalsky.com/edenta-dental-steel-burs-ra-round-no-3-5.html,,,,,N/A,,,Not listed on competitor,,,,,,,,,,
ESB018,Edenta Steel Burs Round 23/014 Size 4 (1.204.014) - Pack 5,Edenta,1.204.014,ENDODONTICS & ACCESSORIES,Pack (5),£1.27,£1.90,€2.20,33.1%,€4.35,-49.4%,https://www.dmi.ie/products/edenta-ra-steel-round-burs-6pk-size-014-eden-1-204-014.html,,Edenta Steel Round Bur R/A Pack 5 Size 4/014,MATCH,,£3.74,-49.2%,https://www.dmi.co.uk/products/edenta-ra-steel-round-burs-6pk-size-014-eden-1-204-014.html,,Edenta Steel Round Bur R/A Pack 5 Size 4/014,MATCH,,£3.55,-46.5%,https://www.dentalsky.com/edenta-dental-steel-burs-ra-round-no-4-5.html,,,,,N/A,,,Not listed on competitor,,,,,,,,,,
ESB019,Edenta Steel Burs Round 23/016 Size 5 (1.204.016) -Pack 5,Edenta,1.204.016,ENDODONTICS & ACCESSORIES,Pack (5),£1.27,£1.90,€2.20,33.1%,€4.35,-49.4%,https://www.dmi.ie/products/edenta-ra-steel-round-burs-6pk-size-016-eden-1-204-016.html,,Edenta Steel Round Bur R/A Pack 5 Size 5/016,MATCH,,£3.74,-49.2%,https://www.dmi.co.uk/products/edenta-ra-steel-round-burs-6pk-size-016-eden-1-204-016.html,,Edenta Steel Round Bur R/A Pack 5 Size 5/016,MATCH,,£3.55,-46.5%,https://www.dentalsky.com/edenta-dental-steel-burs-ra-round-no-5-5.html,,,,,N/A,,,Not listed on competitor,,,,,,,,,,
ESB020,Edenta Steel Burs Round 23/018 Size 6 (1.204.018) - Pack 5,Edenta,1.204.018,ENDODONTICS & ACCESSORIES,Pack (5),£1.27,£1.90,€2.20,33.1%,€4.35,-49.4%,https://www.dmi.ie/products/edenta-ra-steel-round-burs-6pk-size-018-eden-1-204-018.html,,Edenta Steel Round Bur R/A Pack 5 Size 6/018,MATCH,,£3.74,-49.2%,https://www.dmi.co.uk/products/edenta-ra-steel-round-burs-6pk-size-018-eden-1-204-018.html,,Edenta Steel Round Bur R/A Pack 5 Size 6/018,MATCH,,£3.55,-46.5%,https://www.dentalsky.com/edenta-dental-steel-burs-ra-round-no-6-5.html,,,,,N/A,,,Not listed on competitor,,,,,,,,,,
ESB021,Edenta Steel Burs Round 23/021 Size 7 (1.204.021) - Pack 5,Edenta,1.204.021,ENDODONTICS & ACCESSORIES,Pack (5),£1.27,£1.90,€2.20,33.1%,€4.35,-49.4%,https://www.dmi.ie/products/edenta-ra-steel-round-burs-6pk-size-021-eden-1-204-021.html,,Edenta Steel Round Bur R/A Pack 5 Size 7/021,MATCH,,£3.74,-49.2%,https://www.dmi.co.uk/products/edenta-ra-steel-round-burs-6pk-size-021-eden-1-204-021.html,,Edenta Steel Round Bur R/A Pack 5 Size 7/021,MATCH,,£3.55,-46.5%,https://www.dentalsky.com/edenta-dental-steel-burs-ra-round-no-7-5.html,,,,,N/A,,,Not listed on competitor,,,,,,,,,,
ESB022,Edenta Steel Burs Round 23/023 Size 8 (1.204.023) - Pack 5,Edenta,1.204.023,ENDODONTICS & ACCESSORIES,Pack (5),£1.27,£1.90,€2.20,33.1%,€4.35,-49.4%,https://www.dmi.ie/products/edenta-ra-steel-round-burs-6pk-size-023-eden-1-204-023.html,,Edenta Steel Round Bur R/A Pack 5 Size 8/023,MATCH,,£3.74,-49.2%,https://www.dmi.co.uk/products/edenta-ra-steel-round-burs-6pk-size-023-eden-1-204-023.html,,Edenta Steel Round Bur R/A Pack 5 Size 8/023,MATCH,,£3.55,-46.5%,https://www.dentalsky.com/edenta-dental-steel-burs-ra-round-no-8-5.html,,,,,N/A,,,Not listed on competitor,,,,,,,,,,
EVS107,Hygitech Saline Water Pouch for Irrigation 500ml - Each,Hygitech,EVS107,GENERAL SURGICAL INSTRUMENTS,Each,£1.64,£2.84,€3.29,42.3%,€4.54,-27.4%,https://www.dmi.ie/products/saline-solution-pouch-for-irrigation-0-9-sodium-chloride-500ml-hygi-80109.html?name=Hygitech&type=simple&_gl=1*kjh9ve*_up*MQ..*_ga*ODIwNDE3ODY3LjE3NDQwNTc0NDE.*_ga_0T1NKWVSZ2*MTc0NDA1NzQ0MC4xLjEuMTc0NDA1Nzc3MC4wLjAuMA..,,,,,£3.80,,https://www.dmi.co.uk/products/saline-solution-pouch-for-irrigation-0-9-sodium-chloride-500ml-hygi-80109.html?name=Hygitech&type=simple&_gl=1*kjh9ve*_up*MQ..*_ga*ODIwNDE3ODY3LjE3NDQwNTc0NDE.*_ga_0T1NKWVSZ2*MTc0NDA1NzQ0MC4xLjEuMTc0NDA1Nzc3MC4wLjAuMA..,,,,,N/A,N/A,https://www.dentalsky.com/sterile-saline-water-pouches-15-x-500ml.html,Not listed on competitor,,,,N/A,,,Not listed on competitor,,,,,,,,,,
FA002,IntraVita PDO Threads 1-0 USP / 19G (YRPN19-96-W) - Pack10,IntraVita,YRPN19-96-W,GENERAL SURGICAL INSTRUMENTS,Pack (10),£150.00,£213.00,€247.08,29.6%,N/A,N/A,,Not listed on competitor,,,,N/A,,,Not listed on competitor,,,,N/A,N/A,,Not listed on competitor,,,,N/A,,,Not listed on competitor,,,,,,,,,,
FAC008,Perfection Plus Applicator Brush Tips (PP002/1003) - Pack100,Perfection Plus,002/1003, FILLING MATERIALS ANTERIOR,Pack (100),£1.98,£5.64,€6.54,64.9%,N/A,N/A,,Not listed on competitor,,,,N/A,,,Not listed on competitor,,,,N/A,N/A,,Not listed on competitor,,,,N/A,N/A,,Not listed on competitor,,,,,,,,,,
FAC023,Septodont Hemocollagene Sponges - Pack24,Septodont,HEMOC01, FILLING MATERIALS ANTERIOR,Pack (24),£36.82,£63.19,€73.30,41.7%,€74.76,-2.0%,,,,,,£62.60,,https://www.dmi.co.uk/products/septodont-hemocollagene-sponges-24pk-sept-hemoc01.html?_gl=1*16mqkao*_up*MQ..*_ga*NDg0MTE3MTgyLjE3NDQ3Mjk2MDk.*_ga_0T1NKWVSZ2*MTc0NDcyOTYwOS4xLjEuMTc0NDczMTU2Ny4wLjAuMA..,,,,,£53.45,18.2%,,,,,,€57.99,,,,,,,,,,,,,
FAC191A,Septodont Alveogyl Haemostatic Surgical Dressing Paste 10g,Septodont,ALVEO02, FILLING MATERIALS ANTERIOR,Each,£24.73,£52.01,€60.33,52.5%,€55.62,8.5%,,,,,,£46.57,,https://www.dmi.co.uk/products/septodont-alveogyl-jar-10g-sept-alveo02.html?_gl=1*14daqob*_up*MQ..*_ga*NDg0MTE3MTgyLjE3NDQ3Mjk2MDk.*_ga_0T1NKWVSZ2*MTc0NDcyOTYwOS4xLjEuMTc0NDczMTU2Ny4wLjAuMA..,,,,,£34.65,50.1%,,,,,,€34.95,,https://www.dontalia.com/alveogyl.html,,,,,,,,,,,
FAC198,Perfection Plus Needle Etch Tips (PP011/0080) - Pack25,Perfection Plus,PP011/0080, FILLING MATERIALS ANTERIOR,Pack (25),£1.80,£5.66,€6.57,68.2%,€5.39,21.8%,https://www.dmi.ie/products/perfection-plus-needle-etch-tips-25pk-perf-0110080.html?_gl=1*1azps2q*_up*MQ..*_ga*NTkyOTAzNjguMTc0NDE3MTExMg..*_ga_0T1NKWVSZ2*MTc0NDE3NzQyMS4zLjEuMTc0NDE3NzkwMi4wLjAuMA..,,,,,£4.51,,https://www.dmi.co.uk/products/perfection-plus-needle-etch-tips-25pk-perf-0110080.html?_gl=1*1azps2q*_up*MQ..*_ga*NTkyOTAzNjguMTc0NDE3MTExMg..*_ga_0T1NKWVSZ2*MTc0NDE3NzQyMS4zLjEuMTc0NDE3NzkwMi4wLjAuMA..,,,,,£6.25,-9.4%,https://www.dentalsky.com/perfection-plus-etch-tips-25.html,,,,,N/A,N/A,,Not listed on competitor,,,,,,,,,,
FAC290,"Perfection Plus Rubber Dam Non Latex Blue Medium 6""x6"" - 20",Perfection Plus Ltd,004/0046, FILLING MATERIALS ANTERIOR,Box (20),£9.40,£13.40,€15.54,29.9%,€18.93,-17.9%,https://www.dmi.ie/products/perfection-plus-rubber-dam-blue-latex-free-20pk-medium-perf-0040046.html,,Perfection Plus Non Latex Medium Rubber Dam (Blue) -  Pack  20,MATCH,,£16.21,-17.3%,https://www.dmi.co.uk/products/perfection-plus-rubber-dam-blue-latex-free-20pk-medium-perf-0040046.html,,Perfection Plus Non Latex Medium Rubber Dam (Blue) -  Pack  20,MATCH,,N/A,N/A,,Not listed on competitor,,,,N/A,N/A,,Not listed on competitor,,,,,,,,,,
FAC293,"UnoDent Rubber Dam Non Latex Light Blue Medium 6""x6""(EWS025)",UnoDent,EWS025, FILLING MATERIALS ANTERIOR,Box (20),£7.88,£16.53,€19.17,52.3%,N/A,N/A,,Not listed on competitor,,,,N/A,,,Not listed on competitor,,,,N/A,N/A,,Not listed on competitor,,,,N/A,N/A,,Not listed on competitor,,,,,,,,,,
FAC294,Bossklein Etchant Gel Jumbo Etching Kit 50ml (BOS9904) -Each,Bossklein,BOS9904, FILLING MATERIALS ANTERIOR,Each,£9.71,£14.26,€16.54,31.9%,N/A,N/A,,Not listed on competitor,,,,N/A,,,Not listed on competitor,,,,N/A,N/A,,Not listed on competitor,,,,N/A,,,Not listed on competitor,,,,,,,,,,
FAC374,"UnoDent Rubber Dam Non Latex Light Blue Heavy 6""x6"" (EWS045)",UnoDent,EWS045, FILLING MATERIALS ANTERIOR,Box (20),£8.68,£28.43,€32.98,69.5%,N/A,N/A,,Not listed on competitor,,,,N/A,,,Not listed on competitor,,,,N/A,N/A,,Not listed on competitor,,,,N/A,N/A,,Not listed on competitor,,,,,,,,,,
FAC375,Perfection Plus AppliPlus Regular Microbrush PP011/1112,Perfection Plus,PP011/1112, FILLING MATERIALS ANTERIOR,Pack (400),£5.60,£9.42,€10.93,40.6%,€11.85,-7.8%,https://www.dmi.ie/products/perfection-plus-appliplus-applicators-x-400-regular-perf-0111112.html,,Perfection Plus Appliplus Applicators Regular &ndash; Green &amp; Orange x 400,UNKNOWN,,£10.66,-11.6%,https://www.dmi.co.uk/products/perfection-plus-appliplus-applicators-x-400-regular-perf-0111112.html,,Perfection Plus Appliplus Applicators Regular &ndash; Green &amp; Orange x 400,UNKNOWN,,£11.55,-18.4%,https://www.dentalsky.com/appliplus-regular-400.html,,,,,N/A,N/A,,Not listed on competitor,,,,,,,,,,
FAC401,"Perfection Plus Rubber Dam Non Latex Blue Heavy 6""x6"" - 20",Perfection Plus,004/0047, FILLING MATERIALS ANTERIOR,Box (20),£10.50,£15.10,€17.52,30.5%,€20.42,-14.2%,https://www.dmi.ie/products/perfection-plus-rubber-dam-blue-latex-free-20pk-heavy-perf-0040047.html,,Perfection Plus Non Latex Heavy Rubber Dam (Blue) -  Pack  20,MATCH,,£17.56,-14.0%,https://www.dmi.co.uk/products/perfection-plus-rubber-dam-blue-latex-free-20pk-heavy-perf-0040047.html,,Perfection Plus Non Latex Heavy Rubber Dam (Blue) -  Pack  20,MATCH,,N/A,N/A,,Not listed on competitor,,,,N/A,N/A,,Not listed on competitor,,,,,,,,,,
FBX200,UnoDent Micro Applicator Brush Super Fine White - Pack400,UnoDent,FBX200, FILLING MATERIALS ANTERIOR,Pack (400),£2.46,£5.31,€6.16,53.7%,N/A,N/A,,Not listed on competitor,,,,N/A,,,Not listed on competitor,,,,N/A,N/A,,Not listed on competitor,,,,N/A,N/A,,Not listed on competitor,,,,,,,,,,
FBX203,UnoDent Micro Applicator Brush Regular Blue - Pack400,UnoDent,FBX203, FILLING MATERIALS ANTERIOR,Pack (400),£2.52,£15.22,€17.66,83.5%,N/A,N/A,,Not listed on competitor,,,,N/A,,,Not listed on competitor,,,,N/A,N/A,,Not listed on competitor,,,,N/A,N/A,,Not listed on competitor,,,,,,,,,,
FMA1085,Kulzer Charisma ABC PLT A3 20x0.2g (66064792) - Pack20,Kulzer,66064792, FILLING MATERIALS ANTERIOR,Pack (20),£14.50,£22.77,€26.41,36.3%,€24.78,6.6%,https://www.dmi.ie/products/kulzer-charisma-abc-plt-20pk-a3-hera-66064792.html?name=Charisma%20ABC%20&type=simple&_gl=1*1w73ebq*_up*MQ..*_ga*MTcyNjk4NzM4NC4xNzQ0MTI3MTIz*_ga_0T1NKWVSZ2*MTc0NDEyNzEyMi4xLjAuMTc0NDEyNzEyMi4wLjAuMA..,,,,,£20.75,,https://www.dmi.co.uk/products/kulzer-charisma-abc-plt-20pk-a3-hera-66064792.html?name=Charisma%20ABC%20&type=simple&_gl=1*1w73ebq*_up*MQ..*_ga*MTcyNjk4NzM4NC4xNzQ0MTI3MTIz*_ga_0T1NKWVSZ2*MTc0NDEyNzEyMi4xLjAuMTc0NDEyNzEyMi4wLjAuMA..,,,,,£26.25,-13.3%,https://www.dentalsky.com/charisma-abc-20-x-0-2g-plts-a3.html,,,,,€44.86,,https://www.dontalia.com/charismar-abc-compules-refill.html,,,,,,,,,,,
FMA1377,UnoDent Luminos UN Syringe A2 4g (FLU811) - Each,UnoDent,FLU811, FILLING MATERIALS ANTERIOR,Each,£6.40,£16.88,€19.58,62.1%,N/A,N/A,,Not listed on competitor,,,,N/A,,,Not listed on competitor,,,,N/A,N/A,,Not listed on competitor,,,,N/A,N/A,,Not listed on competitor,,,,,,,,,,
FMA1384,UnoDent Luminos UN Syringe BW 4g (FLU818) - Each,UnoDent,FLU818, FILLING MATERIALS ANTERIOR,Each,£6.40,£16.88,€19.58,62.1%,N/A,N/A,,Not listed on competitor,,,,N/A,,,Not listed on competitor,,,,N/A,N/A,,Not listed on competitor,,,,N/A,N/A,,Not listed on competitor,,,,,,,,,,
FMA1389,UnoDent Luminos UN Capsules A2 20x0.25g (FLU831) - Pack20,UnoDent,FLU831, FILLING MATERIALS ANTERIOR,Pack (20),£13.91,£28.71,€33.30,51.5%,N/A,N/A,,Not listed on competitor,,,,N/A,,,Not listed on competitor,,,,N/A,N/A,,Not listed on competitor,,,,N/A,N/A,,Not listed on competitor,,,,,,,,,,
FMA1410,UnoDent Luminos Flowable Syringe A2 2g (FLU861) - Each,UnoDent,FLU861, FILLING MATERIALS ANTERIOR,Each,£8.14,£12.50,€14.50,34.9%,N/A,N/A,,Not listed on competitor,,,,N/A,,,Not listed on competitor,,,,N/A,N/A,,Not listed on competitor,,,,N/A,N/A,,Not listed on competitor,,,,,,,,,,
FMA355,SDI Wave Flowable Composite Syringe A2 1g (7510203) - Each,SDI,7510203, FILLING MATERIALS ANTERIOR,Each,£8.19,£14.03,€16.27,41.6%,N/A,N/A,,Not listed on competitor,,,,N/A,,,Not listed on competitor,,,,£10.95,28.1%,https://www.dentalsky.com/wave-1g-syringe-a2.html,,,,,€11.35,,https://www.dontalia.com/wave-flow-1-syringe.html,,,,,,,,,,,
FMA549A,Kulzer Venus Pearl ART PLT A2 20x0.2g (66048141) - Box20,Kulzer,66048141, FILLING MATERIALS ANTERIOR,Box (20),£45.27,£66.23,€76.83,31.6%,€83.58,-8.1%,https://www.dmi.ie/products/kulzer-venus-pearl-plt-20pk-a2-hera-66048141.html?name=Kulzer%20Venus%20Pearl%20ART&type=simple&_gl=1*i4jsj3*_up*MQ..*_ga*NjcyMTUxNjU2LjE3NDQxMjUyNjM.*_ga_0T1NKWVSZ2*MTc0NDEyNTI2My4xLjEuMTc0NDEyNTU5My4wLjAuMA..,,,,,£69.98,,https://www.dmi.co.uk/products/kulzer-venus-pearl-plt-20pk-a2-hera-66048141.html?name=Kulzer%20Venus%20Pearl%20ART&type=simple&_gl=1*i4jsj3*_up*MQ..*_ga*NjcyMTUxNjU2LjE3NDQxMjUyNjM.*_ga_0T1NKWVSZ2*MTc0NDEyNTI2My4xLjEuMTc0NDEyNTU5My4wLjAuMA..,,,,,N/A,N/A,,Not listed on competitor,,,,€54.75,,https://www.dontalia.com/venus-pearl-plt-20-pcs.html,,,,,,,,,,,
FMA954,Kulzer Venus Pearl ART PLT A3 20x0.2g (66048143) - Box20,Kulzer,66048143, FILLING MATERIALS ANTERIOR,Box (20),£45.27,£64.97,€75.37,30.3%,€83.58,-9.8%,https://www.dmi.ie/products/kulzer-venus-pearl-plt-20pk-a3-hera-66048143.html?name=Kulzer%20Venus%20Pearl%20ART&type=simple&_gl=1*y80bj2*_up*MQ..*_ga*NjcyMTUxNjU2LjE3NDQxMjUyNjM.*_ga_0T1NKWVSZ2*MTc0NDEyNTI2My4xLjEuMTc0NDEyNTU5My4wLjAuMA..,,,,,£69.98,,https://www.dmi.co.uk/products/kulzer-venus-pearl-plt-20pk-a3-hera-66048143.html?name=Kulzer%20Venus%20Pearl%20ART&type=simple&_gl=1*y80bj2*_up*MQ..*_ga*NjcyMTUxNjU2LjE3NDQxMjUyNjM.*_ga_0T1NKWVSZ2*MTc0NDEyNTI2My4xLjEuMTc0NDEyNTU5My4wLjAuMA..,,,,,N/A,N/A,,Not listed on competitor,,,,€54.75,,https://www.dontalia.com/venus-pearl-plt-20-pcs.html,,,,,,,,,,,
FMP213,3M Filtek One Bulk Fill Capsules A2 (4867A2) - Pack20,3M,4867A2, FILLING MATERIALS ANTERIOR,Pack (20),£39.50,£58.09,€67.38,32.0%,€89.13,-24.4%,https://www.dmi.ie/products/3m-filtek-one-bulk-fill-capsules-20pk-a2-3m-4867a2.html,,,,,£70.40,,https://www.dmi.co.uk/products/3m-filtek-one-bulk-fill-capsules-20pk-a2-3m-4867a2.html,,,,,51.95,11.8%,https://www.dentalsky.com/3mtm-filtektm-one-bulk-fill-restorative-20-x-0-2g-capsules-a2.html,,,,,€49.99,,https://www.dontalia.com/filtek-one-capsules.html,,,,,,,,,,,
FPM007,"3M Sof-Lex Discs 3/8"" Coarse (1981C) - Pack85",3M,1981 C," FINISHING, POLISHING MATERIALS",Pack (85),£32.71,£46.67,€54.14,29.9%,€70.30,-23.0%,https://www.dmi.ie/products/3m-sof-lex-discs-85pk-3-8-9-5mm-black-coarse-3m-1981c.html?name=3M%20Sof-Lex%20Discs&type=simple&_gl=1*yl09ei*_up*MQ..*_ga*NTM2MTc4MDQ2LjE3NDQ3NDYxOTE.*_ga_0T1NKWVSZ2*MTc0NDc0NjE5MS4xLjAuMTc0NDc0NjE5MS4wLjAuMA..,,,,,£55.53,,https://www.dmi.co.uk/products/3m-sof-lex-discs-85pk-3-8-9-5mm-black-coarse-3m-1981c.html?name=3M%20Sof-Lex%20Discs&type=simple&_gl=1*yl09ei*_up*MQ..*_ga*NTM2MTc4MDQ2LjE3NDQ3NDYxOTE.*_ga_0T1NKWVSZ2*MTc0NDc0NjE5MS4xLjAuMTc0NDc0NjE5MS4wLjAuMA..,,,,,N/A,N/A,,Not listed on competitor,,,,N/A,,,Not listed on competitor,,,,,,,,,,
FPM011,"3M Sof-Lex Discs 1/2"" Coarse (1982C) - Pack85",3M,1982 C," FINISHING, POLISHING MATERIALS",Pack (85),£32.74,£49.84,€57.81,34.3%,€65.40,-11.6%,https://www.dmi.ie/products/3m-sof-lex-discs-85pk-1-2-12-7mm-black-coarse-3m-1982c.html,,3M Sof-Lex Pop-On Discs 1/2&quot;/12.7mm Pack 85 Coarse Black,MATCH,,£55.53,-10.2%,https://www.dmi.co.uk/products/3m-sof-lex-discs-85pk-1-2-12-7mm-black-coarse-3m-1982c.html,,3M Sof-Lex Pop-On Discs 1/2&quot;/12.7mm Pack 85 Coarse Black,MATCH,,N/A,N/A,,Not listed on competitor,,,,€37.31,,https://www.dontalia.com/pop-ontm-1982.html,,,,,,,,,,,
FPM016,3M Sof-Lex Mandrels (1983RA) - Pack3,3M,1983 RA," FINISHING, POLISHING MATERIALS",Pack (3),£14.36,£29.78,€34.54,51.8%,€32.63,5.9%,https://www.dmi.ie/products/3m-sof-lex-mandrels-3pk-right-angle-3m-1983ra.html,,3M Sof-Lex Pop On Mandrels Ra Pack 3,MATCH,,£27.71,7.5%,https://www.dmi.co.uk/products/3m-sof-lex-mandrels-3pk-right-angle-3m-1983ra.html,,3M Sof-Lex Pop On Mandrels Ra Pack 3,MATCH,,N/A,N/A,,Not listed on competitor,,,,N/A,,,Not listed on competitor,,,,,,,,,,
FPM085,Perfection Plus Tofflemire Bands No.1 Thin (085/0055),Surrey Dental,085/0055," FINISHING, POLISHING MATERIALS",Pack (12),£0.85,£1.50,€1.74,43.3%,N/A,N/A,,Not listed on competitor,,,,N/A,,,Not listed on competitor,,,,N/A,N/A,,Not listed on competitor,,,,N/A,N/A,,Not listed on competitor,,,,,,,,,,
FPM118,Perfection Plus Prophy Paste Mint Coarse 250g (PP010/0046),Perfection Plus,010/0046," FINISHING, POLISHING MATERIALS",Each,£4.35,£6.58,€7.63,33.9%,€8.19,-6.8%,https://www.dmi.ie/products/perfection-plus-prophy-paste-tub-250g-course-mint-perf-0100046.html,,Perfection Plus Prophy Paste 250G Coarse Mint,UNKNOWN,,£7.37,-10.7%,https://www.dmi.co.uk/products/perfection-plus-prophy-paste-tub-250g-course-mint-perf-0100046.html,,Perfection Plus Prophy Paste 250G Coarse Mint,UNKNOWN,,£8.58,-23.3%,https://www.dentalsky.com/perfection-plus-prophy-paste-coarse-mint-250g.html,,Perfection Plus Prophy Paste - Coarse Mint (250g),UNKNOWN,,N/A,N/A,,Not listed on competitor,,,,,,,,,,
FPM326,Astek Pro-Matrix - Wide - Blue (19005) - Pack50,Astek Innovations,19005," FINISHING, POLISHING MATERIALS",Pack (50),£29.51,£56.00,€64.96,47.3%,N/A,N/A,,Not listed on competitor,,,,N/A,,,Not listed on competitor,,,,N/A,N/A,,Not listed on competitor,,,,N/A,,,Not listed on competitor,,,,,,,,,,
FPM351,UnoDent Alpha-Pro Prophy Paste Coarse Mint 300g (PPA020),UnoDent,PPA020," FINISHING, POLISHING MATERIALS",Each,£5.01,£7.49,€8.69,33.1%,N/A,N/A,,Not listed on competitor,,,,N/A,,,Not listed on competitor,,,,N/A,N/A,,Not listed on competitor,,,,N/A,N/A,,Not listed on competitor,,,,,,,,,,
FPM361,Perfection Plus Prophy Paste Mint Medium 250g (PP010/0001),Perfection Plus,PP010/0001," FINISHING, POLISHING MATERIALS",Each,£4.35,£6.12,€7.10,28.9%,€8.19,-13.3%,https://www.dmi.ie/products/perfection-plus-prophy-paste-tub-250g-medium-mint-perf-0100001.html,,Perfection Plus Prophy Paste Medium Mint 250g,UNKNOWN,,£7.37,-17.0%,https://www.dmi.co.uk/products/perfection-plus-prophy-paste-tub-250g-medium-mint-perf-0100001.html,,Perfection Plus Prophy Paste Medium Mint 250g,UNKNOWN,,£8.58,-28.7%,https://www.dentalsky.com/perfection-plus-prophy-paste-medium-mint-250g.html,,Perfection Plus Prophy Paste - Medium Mint (250g),UNKNOWN,,N/A,N/A,,Not listed on competitor,,,,,,,,,,
FPM505,Bossklein Tofflemire Matrix Bands No.1 Universal (CPM050),Bossklein,CPM050," FINISHING, POLISHING MATERIALS",Pack (12),£0.60,£0.86,€1.00,30.2%,N/A,N/A,,Not listed on competitor,,,,N/A,,,Not listed on competitor,,,,N/A,N/A,,Not listed on competitor,,,,N/A,,,Not listed on competitor,,,,,,,,,,
GSC305,UnoDent Surface Disinfectant Spray Economy Refill 5L,UnoDent,GSC305,"CLEANING, STERILIZING PRODUCTS",Each,£18.35,£33.99,€39.43,46.0%,€35.99,9.6%,https://www.dmi.ie/products/alcohol-surface-disinfectant-spray-economy-refill-5-litre-uno-gsc305.html,,UnoDent Alcohol Surface Disinfectant Spray Economy Refill (5 Litres),UNKNOWN,,£30.95,9.8%,https://www.dmi.co.uk/products/alcohol-surface-disinfectant-spray-economy-refill-5-litre-uno-gsc305.html,,UnoDent Alcohol Surface Disinfectant Spray Economy Refill (5 Litres),UNKNOWN,,N/A,N/A,,Not listed on competitor,,,,N/A,N/A,,Not listed on competitor,,,,,,,,,,
GSI032,Swann-Morton Surgical Blades Sterile No.15 (0205) - Box100,Swann-Morton,0205,GENERAL SURGICAL INSTRUMENTS,Box (100),£9.26,£14.93,€17.32,38.0%,N/A,N/A,,Not listed on competitor,,,,N/A,,,Not listed on competitor,,,,£17.22,-13.3%,https://www.dentalsky.com/carbon-steel-sterile-blades-no-15-100.html,,Swann-Morton Sterile Carbon Steel Surgical Scalpel Blades - No.15 (100),UNKNOWN,,€24.19,,https://www.dontalia.com/carbon-steel-surgical-blades.html,,,,,,,,,,,
IAO005,Ortho-Care Alginate Berry Flavoured 500g (9001-IE002) - Each,Ortho-Care,9001-IE002,IMPRESSION MATERIALS,Each,£15.07,£21.12,€24.50,28.6%,N/A,N/A,,Not listed on competitor,,,,N/A,,,Not listed on competitor,,,,N/A,N/A,,Not listed on competitor,,,,N/A,,,Not listed on competitor,,,,,,,,,,
ICU171,UnoDent Imprep 2 AC Putty Soft Normal Set 2x300ml - Each,UnoDent,ICU171,IMPRESSION MATERIALS,Each,£15.62,£37.38,€43.36,58.2%,N/A,N/A,,Not listed on competitor,,,,N/A,,,Not listed on competitor,,,,N/A,N/A,,Not listed on competitor,,,,N/A,N/A,,Not listed on competitor,,,,,,,,,,
IM039,Zhermack Hydrogum Refill 500g (C302025) - Each,Zhermack,C302025,IMPRESSION MATERIALS,Each,£5.57,£9.45,€10.96,41.1%,€13.50,-18.8%,https://www.dmi.ie/products/zhermack-hydrogum-500g-zher-c302025.html,,Zhermack Hydrogum Alginate Refill 500G,UNKNOWN,,£11.42,-17.3%,https://www.dmi.co.uk/products/zhermack-hydrogum-500g-zher-c302025.html,,Zhermack Hydrogum Alginate Refill 500G,UNKNOWN,,£8.50,11.2%,https://www.dentalsky.com/hydrogum.html,,,,,€7.45,,https://www.dontalia.com/hydrogum-500g-bag,,,,,,,,,,,
IM119,Zhermack Hydrogum 5 Refill 453g Extra Fast  (C302070) - Each,Zhermack,C302070,IMPRESSION MATERIALS,Each,£6.30,£12.95,€15.02,51.4%,€15.50,-3.1%,https://www.dmi.ie/products/zhermack-hydrogum-5-day-453g-zher-c302070.html,,Zhermack Hydrogum 5 Day Alginate Refill 453G,UNKNOWN,,£13.33,-2.9%,https://www.dmi.co.uk/products/zhermack-hydrogum-5-day-453g-zher-c302070.html,,Zhermack Hydrogum 5 Day Alginate Refill 453G,UNKNOWN,,£9.65,34.2%,https://www.dentalsky.com/hydrogum-5-alginate-453g.html,,,,,€8.79,,https://www.dontalia.com/hydrogum-5.html,,,,,,,,,,,
IM195,UnoDent Alginate Fast Set Vanilla Refill 500g (IAA300) -Each,UnoDent,IAA300,IMPRESSION MATERIALS,Each,£3.43,£5.59,€6.48,38.6%,€6.99,-7.3%,https://www.dmi.ie/products/unodent-fast-alginate-refill-500g-vanilla-uno-iaa300.html,,UnoDent Fast Set Alginate Refill 500g Vanilla,UNKNOWN,,£7.70,,https://www.dmi.co.uk/products/alcohol-surface-disinfectant-spray-economy-refill-5-litre-uno-gsc305.html?name=UnoDent&type=simple&_gl=1*10cyijy*_up*MQ..*_ga*NTkyOTAzNjguMTc0NDE3MTExMg..*_ga_0T1NKWVSZ2*MTc0NDE3NzQyMS4zLjEuMTc0NDE3OTQwMy4wLjAuMA..,,,,,N/A,N/A,,Not listed on competitor,,,,N/A,N/A,,Not listed on competitor,,,,,,,,,,
IM246,UnoDent Alginate Fast Set Mint Refill 500g (IAA310) - Each,UnoDent,IAA310,IMPRESSION MATERIALS,Each,£2.64,£6.42,€7.45,58.9%,€5.75,29.6%,https://www.dmi.ie/products/unodent-fast-alginate-refill-500g-mint-uno-iaa310.html,,UnoDent Fast Set Alginate Refill 500g Mint,UNKNOWN,,£5.15,24.7%,https://www.dmi.co.uk/products/unodent-fast-alginate-refill-500g-mint-uno-iaa310.html,,UnoDent Fast Set Alginate Refill 500g Mint,UNKNOWN,,N/A,N/A,,Not listed on competitor,,,,N/A,N/A,,Not listed on competitor,,,,,,,,,,
IMA030,"Covidien Monoject 3ml Endo Syringes & Needles 27Gx1.25"" -100",Covidien,1180327114E,IMPRESSION MATERIALS,Box (100),£16.53,£24.83,€28.80,33.4%,N/A,N/A,,Not listed on competitor,,,,N/A,,,Not listed on competitor,,,,N/A,N/A,,Not listed on competitor,,,,N/A,,,Not listed on competitor,,,,,,,,,,
IMA123,UnoDent Mixing Pad 7.5x7.5cm Non Skid (CTP011) - Each,Unodent,CTP011,IMPRESSION MATERIALS,Each,£1.41,£2.70,€3.13,47.8%,N/A,N/A,,Not listed on competitor,,,,N/A,,,Not listed on competitor,,,,N/A,N/A,,Not listed on competitor,,,,N/A,N/A,,Not listed on competitor,,,,,,,,,,
IMT009,J&S Davis Solo Impression Trays No.13 Upper Average - Box25,J&S Davis,SOL1013,IMPRESSION MATERIALS,Box (25),£11.82,£20.03,€23.23,41.0%,€29.07,-20.1%,https://www.dmi.ie/products/j-s-davis-solo-trays-upper-13-dentate-average-25pk-davi-sol1013.html?name=J&S%20Davis&type=simple&_gl=1*10s0ip3*_up*MQ..*_ga*MzI4NzQ0ODA0LjE3NDQxMTg5MTU.*_ga_0T1NKWVSZ2*MTc0NDExODkxNS4xLjEuMTc0NDExOTIwNi4wLjAuMA..,,,,,£24.34,,https://www.dmi.co.uk/products/j-s-davis-solo-trays-upper-13-dentate-average-25pk-davi-sol1013.html?name=J&S%20Davis&type=simple&_gl=1*10s0ip3*_up*MQ..*_ga*MzI4NzQ0ODA0LjE3NDQxMTg5MTU.*_ga_0T1NKWVSZ2*MTc0NDExODkxNS4xLjEuMTc0NDExOTIwNi4wLjAuMA..,,,,,N/A,N/A,,Not listed on competitor,,,,N/A,,,Not listed on competitor,,,,,,,,,,
IMT081,Pegasus Impression Trays No.1 Large Upper - Pack25,Astek Innovations,116125,IMPRESSION MATERIALS,Pack (25),£4.25,£5.90,€6.84,28.0%,€8.80,-22.2%,https://www.dmi.ie/products/pegasus-impression-tray-25pk-1-large-upper-a-pega-116125.html?name=Pegasus%20Impression%20Tra&type=simple&_gl=1*b2uwpo*_up*MQ..*_ga*NTkyOTAzNjguMTc0NDE3MTExMg..*_ga_0T1NKWVSZ2*MTc0NDE3MzMxMy4yLjEuMTc0NDE3MzMyNC4wLjAuMA..,,,,,£7.37,,https://www.dmi.co.uk/products/pegasus-impression-tray-25pk-1-large-upper-a-pega-116125.html?name=Pegasus%20Impression%20Tra&type=simple&_gl=1*b2uwpo*_up*MQ..*_ga*NTkyOTAzNjguMTc0NDE3MTExMg..*_ga_0T1NKWVSZ2*MTc0NDE3MzMxMy4yLjEuMTc0NDE3MzMyNC4wLjAuMA..,,,,,£7.05,-16.3%,https://www.dentalsky.com/pegasus-impression-trays-large-upper-25.html,,,,,N/A,,,Not listed on competitor,,,,,,,,,,
IMT082,Pegasus Impression Trays No.2 Large Lower - Pack25,Astek Innovations,116126,IMPRESSION MATERIALS,Pack (25),£4.25,£5.90,€6.84,28.0%,€8.79,-22.1%,https://www.dmi.ie/products/pegasus-impression-tray-25pk-2-large-lower-b-pega-116126.html?name=Pegasus%20Impression%20Tra&type=simple&_gl=1*hcdpa9*_up*MQ..*_ga*NTkyOTAzNjguMTc0NDE3MTExMg..*_ga_0T1NKWVSZ2*MTc0NDE3MzMxMy4yLjEuMTc0NDE3MzMyNC4wLjAuMA..,,,,,£7.36,,https://www.dmi.co.uk/products/pegasus-impression-tray-25pk-2-large-lower-b-pega-116126.html?name=Pegasus%20Impression%20Tra&type=simple&_gl=1*hcdpa9*_up*MQ..*_ga*NTkyOTAzNjguMTc0NDE3MTExMg..*_ga_0T1NKWVSZ2*MTc0NDE3MzMxMy4yLjEuMTc0NDE3MzMyNC4wLjAuMA..,,,,,£7.05,-16.3%,https://www.dentalsky.com/pegasus-impression-trays-large-lower-25.html,,,,,N/A,,,Not listed on competitor,,,,,,,,,,
IMT083,Pegasus Impression Trays No.3 Medium Upper - Pack25,Astek Innovations,116127,IMPRESSION MATERIALS,Pack (25),£4.19,£5.90,€6.84,29.0%,€8.30,-17.5%,https://www.dmi.ie/products/pegasus-impression-tray-25pk-3-medium-upper-c-pega-116127.html?name=Pegasus%20Impression%20Tra&type=simple&_gl=1*f2wccq*_up*MQ..*_ga*NTkyOTAzNjguMTc0NDE3MTExMg..*_ga_0T1NKWVSZ2*MTc0NDE3MzMxMy4yLjEuMTc0NDE3MzMyNC4wLjAuMA..,,,,,£6.95,,https://www.dmi.co.uk/products/pegasus-impression-tray-25pk-3-medium-upper-c-pega-116127.html?name=Pegasus%20Impression%20Tra&type=simple&_gl=1*f2wccq*_up*MQ..*_ga*NTkyOTAzNjguMTc0NDE3MTExMg..*_ga_0T1NKWVSZ2*MTc0NDE3MzMxMy4yLjEuMTc0NDE3MzMyNC4wLjAuMA..,,,,,£7.05,-16.3%,https://www.dentalsky.com/pegasus-impression-trays-medium-upper-25.html,,,,,N/A,,,Not listed on competitor,,,,,,,,,,
IMT084,Pegasus Impression Trays No.4 Medium Lower - Pack25,Astek Innovations,116128,IMPRESSION MATERIALS,Pack (25),£4.25,£5.90,€6.84,28.0%,€8.80,-22.2%,https://www.dmi.ie/products/pegasus-impression-tray-25pk-4-medium-lower-d-pega-116128.html?name=Pegasus%20Impression%20Tra&type=simple&_gl=1*f2wccq*_up*MQ..*_ga*NTkyOTAzNjguMTc0NDE3MTExMg..*_ga_0T1NKWVSZ2*MTc0NDE3MzMxMy4yLjEuMTc0NDE3MzMyNC4wLjAuMA..,,,,,£7.37,,https://www.dmi.co.uk/products/pegasus-impression-tray-25pk-4-medium-lower-d-pega-116128.html?name=Pegasus%20Impression%20Tra&type=simple&_gl=1*f2wccq*_up*MQ..*_ga*NTkyOTAzNjguMTc0NDE3MTExMg..*_ga_0T1NKWVSZ2*MTc0NDE3MzMxMy4yLjEuMTc0NDE3MzMyNC4wLjAuMA..,,,,,£7.05,-16.3%,https://www.dentalsky.com/pegasus-impression-trays-medium-lower-25.html,,,,,N/A,,,Not listed on competitor,,,,,,,,,,
IMT085,Pegasus Impression Trays No.5 Small Upper - Pack25,Astek Innovations,116129,IMPRESSION MATERIALS,Pack (25),£4.25,£5.90,€6.84,28.0%,€8.79,-22.1%,https://www.dmi.ie/products/pegasus-impression-tray-25pk-5-small-upper-e-pega-116129.html?name=Pegasus%20Impression%20Tra&type=simple&_gl=1*f2wccq*_up*MQ..*_ga*NTkyOTAzNjguMTc0NDE3MTExMg..*_ga_0T1NKWVSZ2*MTc0NDE3MzMxMy4yLjEuMTc0NDE3MzMyNC4wLjAuMA..,,,,,£7.36,,https://www.dmi.co.uk/products/pegasus-impression-tray-25pk-5-small-upper-e-pega-116129.html?name=Pegasus%20Impression%20Tra&type=simple&_gl=1*f2wccq*_up*MQ..*_ga*NTkyOTAzNjguMTc0NDE3MTExMg..*_ga_0T1NKWVSZ2*MTc0NDE3MzMxMy4yLjEuMTc0NDE3MzMyNC4wLjAuMA..,,,,,£7.05,-16.3%,https://www.dentalsky.com/pegasus-impression-trays-small-upper-25.html,,,,,N/A,,,Not listed on competitor,,,,,,,,,,
KIN005,Kin Gingival Mouthwash 250ml (340960) - Each,Kin,340960,ORAL HYGIENE,Each,£2.30,£3.06,€3.55,24.8%,N/A,N/A,,Not listed on competitor,,,,N/A,,,Not listed on competitor,,,,N/A,N/A,,Not listed on competitor,,,,N/A,,,Not listed on competitor,,,,,,,,,,
LAB026B,"Orthodontic Box 9""x3""x3"" - Each",Nubox,YOM020,LABORATORY,Each,£0.85,£2.39,€2.77,64.4%,N/A,N/A,,Not listed on competitor,,,,N/A,,,Not listed on competitor,,,,N/A,N/A,,Not listed on competitor,,,,N/A,,,Not listed on competitor,,,,,,,,,,
MEC396,Medicept Extreme Putty (5010) 2x250ml,Medicept,5010,MEDICEPT,Each,£23.15,£27.00,€31.32,14.2%,N/A,N/A,,Not listed on competitor,,,,N/A,,,Not listed on competitor,,,,N/A,N/A,,Not listed on competitor,,,,N/A,,,Not listed on competitor,,,,,,,,,,
MED005,#Septodont Lignospan 2% Special 1.8ml - Box50,Septodont,LIGNO01A,MEDICINES,Box (50),£23.60,£28.84,€33.45,18.2%,N/A,N/A,,Not listed on competitor,,,,N/A,,,Not listed on competitor,,,,£31.25,-7.7%,,,,,,N/A,,,Not listed on competitor,,,,,,,,,,
MED006,#Septodont Xylonor Gel 15g - Each,Septodont,XYLON01,MEDICINES,Each,£7.58,£11.33,€13.14,33.1%,€13.85,-5.1%,,,,,,£12.48,-9.2%,https://www.dmi.co.uk/products/septodont-xylonor-gel-roi-15g-sept-xylon03.html,,Septodont Xylonor Gel 15g (ROI Only),UNKNOWN,,£11.75,-3.6%,,,,,,N/A,,,Not listed on competitor,,,,,,,,,,
MED008,#Septodont Lignospan 2% Special 2.2ml - Box50,Septodont,LIGNO02A,MEDICINES,Box (50),£23.60,£28.88,€33.50,18.3%,€40.96,-18.2%,,,,,,£35.66,-19.0%,https://www.dmi.co.uk/products/septodont-lignospan-2-2-2ml-roi-50pk-sept-ligno02.html,,Septodont Lignospan Special 2% 2.2ml X 50 Latex Free - ROI Customers Only,UNKNOWN,,£31.25,-7.6%,,,,,,N/A,,,Not listed on competitor,,,,,,,,,,
MED009,#Septodont Scandonest 3% Plain 2.2ml - Box50,Septodont,SCAND04,MEDICINES,Box (50),£24.15,£29.85,€34.63,19.1%,€41.98,-17.5%,,,,,,£35.12,,https://www.dmi.co.uk/products/scandonest-3-plain-2-2ml-x-50-latex-free-uk-only-sept-5006r.html,,,,,£31.75,-6.0%,,,,,,N/A,,,Not listed on competitor,,,,,,,,,,
MED010,"#Septodont Septanest 1:100,000 2.2ml - Box50",Septodont,SEPTA01,MEDICINES,Box (50),£25.25,£30.81,€35.74,18.0%,€42.35,-15.6%,https://www.dmi.ie/products/septanest-4-articaine-40ml-10ml-2-2ml-roi-only-sept-11825o-roi.html?_gl=1*1lzgmd8*_up*MQ..*_ga*NDg0MTE3MTgyLjE3NDQ3Mjk2MDk.*_ga_0T1NKWVSZ2*MTc0NDcyOTYwOS4xLjEuMTc0NDczMTE5NS4wLjAuMA..,,,,,£35.46,,https://www.dmi.co.uk/products/septanest-4-articaine-40ml-10ml-2-2ml-roi-only-sept-11825o-roi.html?_gl=1*1lzgmd8*_up*MQ..*_ga*NDg0MTE3MTgyLjE3NDQ3Mjk2MDk.*_ga_0T1NKWVSZ2*MTc0NDcyOTYwOS4xLjEuMTc0NDczMTE5NS4wLjAuMA..,,,,,£33.95,-9.2%,,,,,,N/A,,,Not listed on competitor,,,,,,,,,,
MED011,"#Septodont Septanest 1:200,000 2.2ml - Box50",Septodont,SEPTA02,MEDICINES,Box (50),£26.14,£30.81,€35.74,15.1%,€42.35,-15.6%,,,,,,£35.46,,https://www.dmi.co.uk/products/septodont-septanest-1-200000-2-2ml-50pk-sept-septa02.html?_gl=1*8fm6d6*_up*MQ..*_ga*NDg0MTE3MTgyLjE3NDQ3Mjk2MDk.*_ga_0T1NKWVSZ2*MTc0NDcyOTYwOS4xLjAuMTc0NDcyOTYwOS4wLjAuMA..,,,,,£33.95,-9.2%,,,,,,N/A,,,Not listed on competitor,,,,,,,,,,
MED023,#Colgate Duraphat Varnish 10ml (FDE74600) - Each,Colgate,CG74600,MEDICINES,Each,£19.11,£28.92,€33.55,33.9%,N/A,N/A,https://www.dmi.ie/products/colgate-duraphat-varnish-10ml-50mg-ml-dmi-pfv010.html?name=Colgate%20Duraphat&type=simple&_gl=1*1wc9mxk*_up*MQ..*_ga*Mzg3OTUzMzY4LjE3NDQwNTQ2ODY.*_ga_0T1NKWVSZ2*MTc0NDA1NDY4Ni4xLjEuMTc0NDA1NTAyNi4wLjAuMA..,Not listed on competitor,,,,N/A,,,Not listed on competitor,,,,£30.60,-5.5%,https://www.dentalsky.com/duraphat-varnish-10ml-colgate.html,,,,,N/A,,,Not listed on competitor,,,,,,,,,,
MED030,#Colgate Duraphat 2800 ppm Fluoride Toothpaste 6x75ml -Pack6,Colgate,CG211218,MEDICINES,Pack (6),£16.65,£25.50,€29.58,34.7%,N/A,N/A,,Not listed on competitor,,,,N/A,,,Not listed on competitor,,,,N/A,N/A,https://www.dentalsky.com/duraphat-2800-toothpaste-colgate.html,Not listed on competitor,,,,N/A,,,Not listed on competitor,,,,,,,,,,
MED035,#GSK Corsodyl Mouthwash Mint 6x300ml (60000000108780) - Box6,GSK,60000000108780,MEDICINES,Box (6),£16.96,£28.24,€32.76,39.9%,N/A,N/A,,Not listed on competitor,,,,N/A,,,Not listed on competitor,,,,N/A,N/A,https://www.dentalsky.com/corsodyl-mint-mouthwash-300ml-bottle-gsk.html,Not listed on competitor,,,,N/A,,,Not listed on competitor,,,,,,,,,,
MED041,#Colgate Duraphat 5000 ppm Fluoride Toothpaste - Each,Colgate,CG260822,MEDICINES,Each,£5.06,£10.00,€11.60,49.4%,€12.27,-5.5%,https://www.dmi.ie/products/colgate-duraphat-5000-toothpaste-single-colg-260822a.html?name=Colgate%20Duraphat&type=simple&_gl=1*kxpo7h*_up*MQ..*_ga*NjgyMDc3OTQ3LjE3NDQwNTUxODk.*_ga_0T1NKWVSZ2*MTc0NDA1NTE4OS4xLjAuMTc0NDA1NTE4OS4wLjAuMA..,,,,,£10.27,,https://www.dmi.co.uk/products/colgate-duraphat-5000-toothpaste-single-colg-260822a.html?name=Colgate%20Duraphat&type=simple&_gl=1*kxpo7h*_up*MQ..*_ga*NjgyMDc3OTQ3LjE3NDQwNTUxODk.*_ga_0T1NKWVSZ2*MTc0NDA1NTE4OS4xLjAuMTc0NDA1NTE4OS4wLjAuMA..,,,,,£9.65,3.6%,https://www.dentalsky.com/duraphat-5000-toothpaste-colgate.html,,,,,N/A,,,Not listed on competitor,,,,,,,,,,
MED060,#Dentsply Xylocaine 2% Standard 2.2ml - Box50,Dentsply,502,MEDICINES,Box (50),£19.73,£24.16,€28.03,18.3%,N/A,N/A,,Not listed on competitor,,,,N/A,,,Not listed on competitor,,,,£23.45,3.0%,https://www.dentalsky.com/xylocaine-2-standard-cartridges-2-2ml-50.html,,,,,N/A,,,Not listed on competitor,,,,,,,,,,
MIS038,Perfection Plus Sterilisation Pouches 57x127mm (PP002/5000),Perfection Plus,002/5000/ 10,MISCELLANEOUS,Box (200),£3.95,£5.03,€5.83,21.5%,€8.30,-29.7%,"https://www.dmi.ie/products/perfection-plus-autoclave-pouches-200pk-57-x-127mm-perf-0025000.html?c[]=1896,2030&name=Sterilisation%20Pouches&type=simple&_gl=1*1fdtnl5*_up*MQ..*_ga*MTgzMzY1OTE1Ni4xNzQ0MTU1NjMx*_ga_0T1NKWVSZ2*MTc0NDE1NTYzMS4xLjEuMTc0NDE1NjA3Ny4wLjAuMA..",,,,,£6.95,,"https://www.dmi.co.uk/products/perfection-plus-autoclave-pouches-200pk-57-x-127mm-perf-0025000.html?c[]=1896,2030&name=Sterilisation%20Pouches&type=simple&_gl=1*1fdtnl5*_up*MQ..*_ga*MTgzMzY1OTE1Ni4xNzQ0MTU1NjMx*_ga_0T1NKWVSZ2*MTc0NDE1NTYzMS4xLjEuMTc0NDE1NjA3Ny4wLjAuMA..",,,,,£8.85,-43.2%,https://www.dentalsky.com/protect-self-seal-sterilisation-pouches-59-x-127mm.html,,,,,N/A,N/A,,Not listed on competitor,,,,,,,,,,
MIS039,Perfection Plus Sterilisation Pouches 85x165mm (PP002/5001),Perfection Plus,002/5001 / 10,MISCELLANEOUS,Box (200),£4.21,£5.51,€6.39,23.6%,€8.99,-28.9%,"https://www.dmi.ie/products/perfection-plus-autoclave-pouches-200pk-85-x-165mm-perf-0025001.html?c[]=1896,2030&name=Sterilisation%20Pouches&type=simple&_gl=1*1fdtnl5*_up*MQ..*_ga*MTgzMzY1OTE1Ni4xNzQ0MTU1NjMx*_ga_0T1NKWVSZ2*MTc0NDE1NTYzMS4xLjEuMTc0NDE1NjA3Ny4wLjAuMA..",,,,,£7.53,,"https://www.dmi.co.uk/products/perfection-plus-autoclave-pouches-200pk-85-x-165mm-perf-0025001.html?c[]=1896,2030&name=Sterilisation%20Pouches&type=simple&_gl=1*1fdtnl5*_up*MQ..*_ga*MTgzMzY1OTE1Ni4xNzQ0MTU1NjMx*_ga_0T1NKWVSZ2*MTc0NDE1NTYzMS4xLjEuMTc0NDE1NjA3Ny4wLjAuMA..",,,,,£9.20,-40.1%,https://www.dentalsky.com/protect-self-seal-sterilisation-pouches-86-x-165mm.html,,,,,N/A,N/A,,Not listed on competitor,,,,,,,,,,
MIS040,Perfection Plus Sterilisation Pouches 85x253mm (PP002/5002),Perfection Plus,002/5002,MISCELLANEOUS,Box (200),£3.33,£5.34,€6.19,37.6%,N/A,N/A,,Not listed on competitor,,,,N/A,,,Not listed on competitor,,,,£4.95,7.9%,https://www.dentalsky.com/protect-self-seal-sterilisation-pouches-86-x-253mm.html,,,,,N/A,N/A,,Not listed on competitor,,,,,,,,,,
MIS041,Perfection Plus Sterilisation Pouches 135x278mm PP002/5003,Perfection Plus,002/5003,MISCELLANEOUS,Box (200),£6.60,£8.55,€9.92,22.8%,€16.67,-40.5%,"https://www.dmi.ie/products/perfection-plus-autoclave-pouches-200pk-135-x-278mm-perf-0025003.html?c[]=1896,2030&name=Sterilisation%20Pouches&type=simple&_gl=1*17wiboj*_up*MQ..*_ga*MTgzMzY1OTE1Ni4xNzQ0MTU1NjMx*_ga_0T1NKWVSZ2*MTc0NDE1NTYzMS4xLjEuMTc0NDE1NjA3Ny4wLjAuMA..",,,,,£13.96,,"https://www.dmi.co.uk/products/perfection-plus-autoclave-pouches-200pk-135-x-278mm-perf-0025003.html?c[]=1896,2030&name=Sterilisation%20Pouches&type=simple&_gl=1*17wiboj*_up*MQ..*_ga*MTgzMzY1OTE1Ni4xNzQ0MTU1NjMx*_ga_0T1NKWVSZ2*MTc0NDE1NTYzMS4xLjEuMTc0NDE1NjA3Ny4wLjAuMA..",,,,,£14.30,-40.2%,https://www.dentalsky.com/protect-self-seal-sterilisation-pouches-135-x-278mm.html,,,,,N/A,N/A,,Not listed on competitor,,,,,,,,,,
