Our Code,Our Name,Site,Competitor URL,Competitor Product Name,Match Score,Manual Override
670231,Clinisept+ Skin 490ml - Each,dmi_ie,https://www.dmi.ie/products/clinisept-skin-490ml-clin-cp-skin-490.html,Clinisept+ Skin 490ml,1.00,
670231,Clinisept+ Skin 490ml - Each,dmi_uk,https://www.dmi.co.uk/products/clinisept-skin-490ml-clin-cp-skin-490.html,Clinisept+ Skin 490ml,1.00,
AA034,Septodont Septoject Needles 30g Short - Box100,dmi_ie,https://www.dmi.ie/products/needles-septoject-evolution-30g-u-short-9mm-purple-5752i-sept-12428r.html,Septodont Needles Septoject Evolution 30g U-Short 9mm Purple (100),0.71,
AA034,Septodont Septoject Needles 30g Short - Box100,dmi_uk,https://www.dmi.co.uk/products/needles-septoject-evolution-30g-u-short-9mm-purple-5752i-sept-12428r.html,Septodont Needles Septoject Evolution 30g U-Short 9mm Purple (100),0.71,
AA105,BD Venflon Peripheral IV Catheter w/ Port Blue 22Gx25mm-Each,dmi_ie,https://www.dmi.ie/products/bd-venflon-infusion-cannula-50pk-22g-25mm-bd-391451.html,Bd Venflon Perpheral Cannula 22G 25mm Blue x 50 IV Catheter Ported Winged  Pack 50,0.65,
ABG008A,Perfection Plus Bib Roll Paper-Plastic Blue PP002/0020 - 80,dmi_ie,https://www.dmi.ie/products/perfection-plus-bib-roll-paper-plastic-80pk-blue-perf-0020020.html,Perfection Plus Bib roll Paper/Plastic - 80 Pack  Blue,0.86,
ABG008A,Perfection Plus Bib Roll Paper-Plastic Blue PP002/0020 - 80,dmi_uk,https://www.dmi.co.uk/products/perfection-plus-bib-roll-paper-plastic-80pk-blue-perf-0020020.html,Perfection Plus Bib roll Paper/Plastic - 80 Pack  Blue,0.86,
ABG214,Perfection Plus Serviette Bibs Dark Blue (PP002/0076) - 500,dentalsky,https://www.dentalsky.com/perfection-plus-3-ply-patient-serviette-bibs-blue-500.html,Perfection Plus 3 Ply Patient Serviette Bibs - Blue (500),0.71,
ABG214,Perfection Plus Serviette Bibs Dark Blue (PP002/0076) - 500,dmi_ie,https://www.dmi.ie/products/perfection-plus-3-ply-serviette-bibs-500pk-dark-blue-perf-0020076.html,Perfection Plus Serviette Bibs 2 Ply Dark Blue x 500,0.86,
ABG214,Perfection Plus Serviette Bibs Dark Blue (PP002/0076) - 500,dmi_uk,https://www.dmi.co.uk/products/perfection-plus-3-ply-serviette-bibs-500pk-dark-blue-perf-0020076.html,Perfection Plus Serviette Bibs 2 Ply Dark Blue x 500,0.86,
ANP030,Perfection Plus EasiJect Sterile Needles 30Gx21mm (013/0208),dmi_ie,https://www.dmi.ie/products/needles-easiject-x-100-30g-short-0-3-x-21mm-perf-0130208.html,Perfection Plus Easiject Sterile Needles X 30G Short 21mm,0.88,
ANP030,Perfection Plus EasiJect Sterile Needles 30Gx21mm (013/0208),dmi_uk,https://www.dmi.co.uk/products/needles-easiject-x-100-30g-short-0-3-x-21mm-perf-0130208.html,Perfection Plus Easiject Sterile Needles X 30G Short 21mm,0.88,
ASD262,Septodont Ultra Safety Plus Twist Needles 27g Long - Box100,dmi_ie,https://www.dmi.ie/products/ultra-safety-plus-twist-27g-35-mm-2-2-ml-pack-100-sept-11513o.html,Septodont Ultra Safety Plus Twist Needles 27g Long 35mm Yellow 100pk,0.76,
ASD262,Septodont Ultra Safety Plus Twist Needles 27g Long - Box100,dmi_uk,https://www.dmi.co.uk/products/ultra-safety-plus-twist-27g-35-mm-2-2-ml-pack-100-sept-11513o.html,Septodont Ultra Safety Plus Twist Needles 27g Long 35mm Yellow 100pk,0.76,
ASD264,Septodont Ultra Safety Plus Twist Needles 30g Short - Box100,dmi_ie,https://www.dmi.ie/products/needles-ultra-safety-plus-twist-30g-ultra-short-10mm-purple-x-100-sept-twist04.html,Septodont Ultra Safety Plus Twist Needles 30g Ultra Short 10mm Purple x 100,0.76,
ASD264,Septodont Ultra Safety Plus Twist Needles 30g Short - Box100,dmi_uk,https://www.dmi.co.uk/products/needles-ultra-safety-plus-twist-30g-short-25mm-blue-x-100-sept-twist03.html,Septodont Ultra Safety Plus Twist Needles 30g Short 25mm Blue 100pk,0.76,
BOU030,Boutique By Night Gift Bag,dmi_ie,https://www.dmi.ie/products/boutique-whitening-gift-bag-single-btq-gbag.html,Boutique Night Gift Bag Black/Gold,1.00,
BOU030,Boutique By Night Gift Bag,dmi_uk,https://www.dmi.co.uk/products/boutique-whitening-gift-bag-single-btq-gbag.html,Boutique Night Gift Bag Black/Gold,1.00,
CAW596,UnoDent Surface Disinfectant Wipes Alcohol-free Apple Tub,dmi_ie,https://www.dmi.ie/products/unodent-zero-jumbo-alcohol-free-surface-disinfectant-wipe-x-200-refill-uno-caw597.html,Unodent Surface Disinfectant Wipes - Alcohol-free Refill Pack - Apple,1.00,
CAW596,UnoDent Surface Disinfectant Wipes Alcohol-free Apple Tub,dmi_uk,https://www.dmi.co.uk/products/unodent-zero-jumbo-alcohol-free-surface-disinfectant-wipe-x-200-refill-uno-caw597.html,Unodent Surface Disinfectant Wipes - Alcohol-free Refill Pack - Apple,1.00,
CAW597,UnoDent Surface Disinfectant Wipes Alcohol-free Refill Pack,dmi_ie,https://www.dmi.ie/products/unodent-zero-jumbo-alcohol-free-surface-disinfectant-wipe-x-200-refill-uno-caw597.html,Unodent Surface Disinfectant Wipes - Alcohol-free Refill Pack - Apple,1.00,
CAW597,UnoDent Surface Disinfectant Wipes Alcohol-free Refill Pack,dmi_uk,https://www.dmi.co.uk/products/unodent-zero-jumbo-alcohol-free-surface-disinfectant-wipe-x-200-refill-uno-caw597.html,Unodent Surface Disinfectant Wipes - Alcohol-free Refill Pack - Apple,1.00,
CAW759,Clinell Universal Disinfectant Spray (CDS500) - 500ml,dentalsky,https://www.dentalsky.com/clinell-universal-disinfectant-spray-500ml.html,Clinell Universal Disinfectant Spray - 500ml,0.86,
CPP096,Perfection Plus Protect+ Blue Ear Loop Masks (002/0048) - 50,dmi_ie,https://www.dmi.ie/products/protect-medical-face-masks-3-ply-ear-loop-type-iir-blue-box-50-perf-0020048.html,Perfection Plus Protect+ Medical Face Masks 3 Ply Ear Loop Type IIR,0.83,
CPP096,Perfection Plus Protect+ Blue Ear Loop Masks (002/0048) - 50,dmi_uk,https://www.dmi.co.uk/products/protect-medical-face-masks-3-ply-ear-loop-type-iir-blue-box-50-perf-0020048.html,Perfection Plus Protect+ Medical Face Masks 3 Ply Ear Loop Type IIR,0.83,
CSP043,Durr Orotol Plus 2.5Litre - Each (CDS110P6150),dmi_ie,https://www.dmi.ie/products/durr-orotol-plus-2-5l-durr-cds110p6150.html,Durr Orotol Plus 2.5L,0.60,
CSP043,Durr Orotol Plus 2.5Litre - Each (CDS110P6150),dmi_uk,https://www.dmi.co.uk/products/durr-orotol-plus-2-5l-durr-cds110p6150.html,Durr Orotol Plus 2.5L,0.60,
CSP167,Bossklein Daily Aspirator Cleaner & Disinfectant 5L BOS2488,dentalsky,https://www.dentalsky.com/bossklein-dailyasp-aspirator-cleaner-and-disinfectant-5-litre-refill.html,Bossklein DAILYasp Aspirator Cleaner and Disinfectant - 5 Litre Refill,0.67,
CSP230,UnoDent Disinfectant Surface Wipes Refill Jumbo (CAW585)-200,dmi_ie,https://www.dmi.ie/products/jumbo-alcohol-surface-disinfectant-wipes-x-200-refill-uno-caw585.html,UnoDent Jumbo Alcohol Surface Disinfectant Wipes (Refill Pk 200),0.86,
CSP230,UnoDent Disinfectant Surface Wipes Refill Jumbo (CAW585)-200,dmi_uk,https://www.dmi.co.uk/products/jumbo-alcohol-surface-disinfectant-wipes-x-200-refill-uno-caw585.html,UnoDent Jumbo Alcohol Surface Disinfectant Wipes (Refill Pk 200),0.86,
CSP327,Bossklein V-WIPE ZERO Refill Alcohol Free Large (BOS2001),dmi_ie,https://www.dmi.ie/products/v-wipe-zero-jumbo-alcohol-free-surface-disinfectant-wipe-x-200-refill-bos-2001.html,Bossklein V-Wipe Zero Jumbo Alcohol Free Surface Disinfectant Wipe Refill Pack 200,0.75,
CSP327,Bossklein V-WIPE ZERO Refill Alcohol Free Large (BOS2001),dmi_uk,https://www.dmi.co.uk/products/v-wipe-zero-jumbo-alcohol-free-surface-disinfectant-wipe-x-200-refill-bos-2001.html,Bossklein V-Wipe Zero Jumbo Alcohol Free Surface Disinfectant Wipe Refill Pack 200,0.75,
CSP340,Bossklein IDactiv Instrument Disinfectant 2.5L (BOS9843),dentalsky,https://www.dentalsky.com/bossklein-idactiv-instrument-disinfectant-2-5-litre-with-dosing-cap.html,Bossklein IDactiv Instrument Disinfectant - 2.5 Litre With Dosing Cap,0.67,
CSP340,Bossklein IDactiv Instrument Disinfectant 2.5L (BOS9843),dmi_ie,https://www.dmi.ie/products/idactive-instrument-disinfectant-2-5-litre-bos-9843.html,Bossklein IDactiv Instrument Disinfectant 2.5 Litre,0.67,
CSP340,Bossklein IDactiv Instrument Disinfectant 2.5L (BOS9843),dmi_uk,https://www.dmi.co.uk/products/idactive-instrument-disinfectant-2-5-litre-bos-9843.html,Bossklein IDactiv Instrument Disinfectant 2.5 Litre,0.67,
DWG005,Dentsply WaveOne Gold Primary File 25mm (A0753225G0P03),dmi_ie,https://www.dmi.ie/products/dentsply-sirona-waveone-gold-primary-file-3pk-25mm-dent-a0753225g0p03.html,Dentsply Sirona Waveone Gold Primary File 25mm  Pack 3 - Red,0.88,
DWG005,Dentsply WaveOne Gold Primary File 25mm (A0753225G0P03),dmi_uk,https://www.dmi.co.uk/products/dentsply-sirona-waveone-gold-primary-file-3pk-25mm-dent-a0753225g0p03.html,Dentsply Sirona Waveone Gold Primary File 25mm  Pack 3 - Red,0.88,
EIM038,Perfection Plus Tray Lining Paper Blue (PP002/0012B),dmi_ie,https://www.dmi.ie/products/perfection-plus-tray-paper-250pk-blue-perf-0020012b.html,Perfection Plus Tray Paper - 250 Pack  Blue,0.71,
EIM038,Perfection Plus Tray Lining Paper Blue (PP002/0012B),dmi_uk,https://www.dmi.co.uk/products/perfection-plus-tray-paper-250pk-blue-perf-0020012b.html,Perfection Plus Tray Paper - 250 Pack  Blue,0.71,
EIM041,Perfection Plus Tray Lining Paper Pink (PP002/0012P),dmi_ie,https://www.dmi.ie/products/perfection-plus-tray-paper-250pk-pink-perf-0020012p.html,Perfection Plus Tray Paper X 250 Pink,0.71,
EIM041,Perfection Plus Tray Lining Paper Pink (PP002/0012P),dmi_uk,https://www.dmi.co.uk/products/perfection-plus-tray-paper-250pk-pink-perf-0020012p.html,Perfection Plus Tray Paper X 250 Pink,0.71,
ELU666,UnoDent UnoTaper Rotary File Sterile Assorted SX/F3 25mm,dmi_ie,https://www.dmi.ie/products/unotaper-rotary-file-sterile-pack-6-assorted-sx-f3-25mm-uno-elu666.html,UnoDent UnoTaper Rotary File Sterile Assorted SX/F3 25mm - Pack of 6,1.00,
ELU666,UnoDent UnoTaper Rotary File Sterile Assorted SX/F3 25mm,dmi_uk,https://www.dmi.co.uk/products/unotaper-rotary-file-sterile-pack-6-assorted-sx-f3-25mm-uno-elu666.html,UnoDent UnoTaper Rotary File Sterile Assorted SX/F3 25mm - Pack of 6,1.00,
EMV155,VDW C-Pilot Sterile File Size 10 25mm (V040368025010),dmi_ie,https://www.dmi.ie/products/vdw-sterile-c-pilot-files-25mm-size-10-6pk-vdw-368025010.html,VDW Sterile C-Pilot Files 25mm Size 10 Purple 6pk,0.65,
EMV155,VDW C-Pilot Sterile File Size 10 25mm (V040368025010),dmi_uk,https://www.dmi.co.uk/products/vdw-sterile-c-pilot-files-25mm-size-10-6pk-vdw-368025010.html,VDW Sterile C-Pilot Files 25mm Size 10 Purple 6pk,0.65,
ESB016,Edenta Steel Burs Round 23/010 Size 2 (1.204.010) - Pack 5,dmi_ie,https://www.dmi.ie/products/edenta-ra-steel-round-burs-6pk-size-010-eden-1-204-010.html,Edenta Steel Round Bur R/A Pack 5 Size 2/010,0.72,
ESB016,Edenta Steel Burs Round 23/010 Size 2 (1.204.010) - Pack 5,dmi_uk,https://www.dmi.co.uk/products/edenta-ra-steel-round-burs-6pk-size-010-eden-1-204-010.html,Edenta Steel Round Bur R/A Pack 5 Size 2/010,0.72,
ESB017,Edenta Steel Burs Round 23/012 Size 3 (1.204.012) - Pack 5,dmi_ie,https://www.dmi.ie/products/edenta-ra-steel-round-burs-6pk-size-012-eden-1-204-012.html,Edenta Steel Round Bur R/A Pack 5 Size 3/012,0.72,
ESB017,Edenta Steel Burs Round 23/012 Size 3 (1.204.012) - Pack 5,dmi_uk,https://www.dmi.co.uk/products/edenta-ra-steel-round-burs-6pk-size-012-eden-1-204-012.html,Edenta Steel Round Bur R/A Pack 5 Size 3/012,0.72,
ESB018,Edenta Steel Burs Round 23/014 Size 4 (1.204.014) - Pack 5,dmi_ie,https://www.dmi.ie/products/edenta-ra-steel-round-burs-6pk-size-014-eden-1-204-014.html,Edenta Steel Round Bur R/A Pack 5 Size 4/014,0.72,
ESB018,Edenta Steel Burs Round 23/014 Size 4 (1.204.014) - Pack 5,dmi_uk,https://www.dmi.co.uk/products/edenta-ra-steel-round-burs-6pk-size-014-eden-1-204-014.html,Edenta Steel Round Bur R/A Pack 5 Size 4/014,0.72,
ESB019,Edenta Steel Burs Round 23/016 Size 5 (1.204.016) -Pack 5,dmi_ie,https://www.dmi.ie/products/edenta-ra-steel-round-burs-6pk-size-016-eden-1-204-016.html,Edenta Steel Round Bur R/A Pack 5 Size 5/016,0.72,
ESB019,Edenta Steel Burs Round 23/016 Size 5 (1.204.016) -Pack 5,dmi_uk,https://www.dmi.co.uk/products/edenta-ra-steel-round-burs-6pk-size-016-eden-1-204-016.html,Edenta Steel Round Bur R/A Pack 5 Size 5/016,0.72,
ESB020,Edenta Steel Burs Round 23/018 Size 6 (1.204.018) - Pack 5,dmi_ie,https://www.dmi.ie/products/edenta-ra-steel-round-burs-6pk-size-018-eden-1-204-018.html,Edenta Steel Round Bur R/A Pack 5 Size 6/018,0.72,
ESB020,Edenta Steel Burs Round 23/018 Size 6 (1.204.018) - Pack 5,dmi_uk,https://www.dmi.co.uk/products/edenta-ra-steel-round-burs-6pk-size-018-eden-1-204-018.html,Edenta Steel Round Bur R/A Pack 5 Size 6/018,0.72,
ESB021,Edenta Steel Burs Round 23/021 Size 7 (1.204.021) - Pack 5,dmi_ie,https://www.dmi.ie/products/edenta-ra-steel-round-burs-6pk-size-021-eden-1-204-021.html,Edenta Steel Round Bur R/A Pack 5 Size 7/021,0.72,
ESB021,Edenta Steel Burs Round 23/021 Size 7 (1.204.021) - Pack 5,dmi_uk,https://www.dmi.co.uk/products/edenta-ra-steel-round-burs-6pk-size-021-eden-1-204-021.html,Edenta Steel Round Bur R/A Pack 5 Size 7/021,0.72,
ESB022,Edenta Steel Burs Round 23/023 Size 8 (1.204.023) - Pack 5,dmi_ie,https://www.dmi.ie/products/edenta-ra-steel-round-burs-6pk-size-023-eden-1-204-023.html,Edenta Steel Round Bur R/A Pack 5 Size 8/023,0.72,
ESB022,Edenta Steel Burs Round 23/023 Size 8 (1.204.023) - Pack 5,dmi_uk,https://www.dmi.co.uk/products/edenta-ra-steel-round-burs-6pk-size-023-eden-1-204-023.html,Edenta Steel Round Bur R/A Pack 5 Size 8/023,0.72,
FAC290,"Perfection Plus Rubber Dam Non Latex Blue Medium 6""x6"" - 20",dmi_ie,https://www.dmi.ie/products/perfection-plus-rubber-dam-blue-latex-free-20pk-medium-perf-0040046.html,Perfection Plus Non Latex Medium Rubber Dam (Blue) -  Pack  20,0.86,
FAC290,"Perfection Plus Rubber Dam Non Latex Blue Medium 6""x6"" - 20",dmi_uk,https://www.dmi.co.uk/products/perfection-plus-rubber-dam-blue-latex-free-20pk-medium-perf-0040046.html,Perfection Plus Non Latex Medium Rubber Dam (Blue) -  Pack  20,0.86,
FAC375,Perfection Plus AppliPlus Regular Microbrush PP011/1112,dmi_ie,https://www.dmi.ie/products/perfection-plus-appliplus-applicators-x-400-regular-perf-0111112.html,Perfection Plus Appliplus Applicators Regular &ndash; Green &amp; Orange x 400,0.67,
FAC375,Perfection Plus AppliPlus Regular Microbrush PP011/1112,dmi_uk,https://www.dmi.co.uk/products/perfection-plus-appliplus-applicators-x-400-regular-perf-0111112.html,Perfection Plus Appliplus Applicators Regular &ndash; Green &amp; Orange x 400,0.67,
FAC401,"Perfection Plus Rubber Dam Non Latex Blue Heavy 6""x6"" - 20",dmi_ie,https://www.dmi.ie/products/perfection-plus-rubber-dam-blue-latex-free-20pk-heavy-perf-0040047.html,Perfection Plus Non Latex Heavy Rubber Dam (Blue) -  Pack  20,0.86,
FAC401,"Perfection Plus Rubber Dam Non Latex Blue Heavy 6""x6"" - 20",dmi_uk,https://www.dmi.co.uk/products/perfection-plus-rubber-dam-blue-latex-free-20pk-heavy-perf-0040047.html,Perfection Plus Non Latex Heavy Rubber Dam (Blue) -  Pack  20,0.86,
FPM011,"3M Sof-Lex Discs 1/2"" Coarse (1982C) - Pack85",dmi_ie,https://www.dmi.ie/products/3m-sof-lex-discs-85pk-1-2-12-7mm-black-coarse-3m-1982c.html,3M Sof-Lex Pop-On Discs 1/2&quot;/12.7mm Pack 85 Coarse Black,0.77,
FPM011,"3M Sof-Lex Discs 1/2"" Coarse (1982C) - Pack85",dmi_uk,https://www.dmi.co.uk/products/3m-sof-lex-discs-85pk-1-2-12-7mm-black-coarse-3m-1982c.html,3M Sof-Lex Pop-On Discs 1/2&quot;/12.7mm Pack 85 Coarse Black,0.77,
FPM016,3M Sof-Lex Mandrels (1983RA) - Pack3,dmi_ie,https://www.dmi.ie/products/3m-sof-lex-mandrels-3pk-right-angle-3m-1983ra.html,3M Sof-Lex Pop On Mandrels Ra Pack 3,0.65,
FPM016,3M Sof-Lex Mandrels (1983RA) - Pack3,dmi_uk,https://www.dmi.co.uk/products/3m-sof-lex-mandrels-3pk-right-angle-3m-1983ra.html,3M Sof-Lex Pop On Mandrels Ra Pack 3,0.65,
FPM118,Perfection Plus Prophy Paste Mint Coarse 250g (PP010/0046),dentalsky,https://www.dentalsky.com/perfection-plus-prophy-paste-coarse-mint-250g.html,Perfection Plus Prophy Paste - Coarse Mint (250g),0.86,
FPM118,Perfection Plus Prophy Paste Mint Coarse 250g (PP010/0046),dmi_ie,https://www.dmi.ie/products/perfection-plus-prophy-paste-tub-250g-course-mint-perf-0100046.html,Perfection Plus Prophy Paste 250G Coarse Mint,0.86,
FPM118,Perfection Plus Prophy Paste Mint Coarse 250g (PP010/0046),dmi_uk,https://www.dmi.co.uk/products/perfection-plus-prophy-paste-tub-250g-course-mint-perf-0100046.html,Perfection Plus Prophy Paste 250G Coarse Mint,0.86,
FPM361,Perfection Plus Prophy Paste Mint Medium 250g (PP010/0001),dentalsky,https://www.dentalsky.com/perfection-plus-prophy-paste-medium-mint-250g.html,Perfection Plus Prophy Paste - Medium Mint (250g),0.86,
FPM361,Perfection Plus Prophy Paste Mint Medium 250g (PP010/0001),dmi_ie,https://www.dmi.ie/products/perfection-plus-prophy-paste-tub-250g-medium-mint-perf-0100001.html,Perfection Plus Prophy Paste Medium Mint 250g,0.86,
FPM361,Perfection Plus Prophy Paste Mint Medium 250g (PP010/0001),dmi_uk,https://www.dmi.co.uk/products/perfection-plus-prophy-paste-tub-250g-medium-mint-perf-0100001.html,Perfection Plus Prophy Paste Medium Mint 250g,0.86,
GSC305,UnoDent Surface Disinfectant Spray Economy Refill 5L,dmi_ie,https://www.dmi.ie/products/alcohol-surface-disinfectant-spray-economy-refill-5-litre-uno-gsc305.html,UnoDent Alcohol Surface Disinfectant Spray Economy Refill (5 Litres),1.00,
GSC305,UnoDent Surface Disinfectant Spray Economy Refill 5L,dmi_uk,https://www.dmi.co.uk/products/alcohol-surface-disinfectant-spray-economy-refill-5-litre-uno-gsc305.html,UnoDent Alcohol Surface Disinfectant Spray Economy Refill (5 Litres),1.00,
GSI032,Swann-Morton Surgical Blades Sterile No.15 (0205) - Box100,dentalsky,https://www.dentalsky.com/carbon-steel-sterile-blades-no-15-100.html,Swann-Morton Sterile Carbon Steel Surgical Scalpel Blades - No.15 (100),0.60,
IM039,Zhermack Hydrogum Refill 500g (C302025) - Each,dmi_ie,https://www.dmi.ie/products/zhermack-hydrogum-500g-zher-c302025.html,Zhermack Hydrogum Alginate Refill 500G,0.82,
IM039,Zhermack Hydrogum Refill 500g (C302025) - Each,dmi_uk,https://www.dmi.co.uk/products/zhermack-hydrogum-500g-zher-c302025.html,Zhermack Hydrogum Alginate Refill 500G,0.82,
IM119,Zhermack Hydrogum 5 Refill 453g Extra Fast  (C302070) - Each,dmi_ie,https://www.dmi.ie/products/zhermack-hydrogum-5-day-453g-zher-c302070.html,Zhermack Hydrogum 5 Day Alginate Refill 453G,0.65,
IM119,Zhermack Hydrogum 5 Refill 453g Extra Fast  (C302070) - Each,dmi_uk,https://www.dmi.co.uk/products/zhermack-hydrogum-5-day-453g-zher-c302070.html,Zhermack Hydrogum 5 Day Alginate Refill 453G,0.65,
IM195,UnoDent Alginate Fast Set Vanilla Refill 500g (IAA300) -Each,dmi_ie,https://www.dmi.ie/products/unodent-fast-alginate-refill-500g-vanilla-uno-iaa300.html,UnoDent Fast Set Alginate Refill 500g Vanilla,0.88,
IM246,UnoDent Alginate Fast Set Mint Refill 500g (IAA310) - Each,dmi_ie,https://www.dmi.ie/products/unodent-fast-alginate-refill-500g-mint-uno-iaa310.html,UnoDent Fast Set Alginate Refill 500g Mint,0.88,
IM246,UnoDent Alginate Fast Set Mint Refill 500g (IAA310) - Each,dmi_uk,https://www.dmi.co.uk/products/unodent-fast-alginate-refill-500g-mint-uno-iaa310.html,UnoDent Fast Set Alginate Refill 500g Mint,0.88,
MED006,#Septodont Xylonor Gel 15g - Each,dmi_uk,https://www.dmi.co.uk/products/septodont-xylonor-gel-roi-15g-sept-xylon03.html,Septodont Xylonor Gel 15g (ROI Only),0.65,
MED008,#Septodont Lignospan 2% Special 2.2ml - Box50,dmi_uk,https://www.dmi.co.uk/products/septodont-lignospan-2-2-2ml-roi-50pk-sept-ligno02.html,Septodont Lignospan Special 2% 2.2ml X 50 Latex Free - ROI Customers Only,0.62,
